rank,sequence_hash,complex_count
1,3cf8129cb620c63bbdeb97d01bd5d2e33702c0395ad382e1b92fadebc9cd2017,5750
2,d53e700e6d239ae8af9ea767b63311bbf6d773032026a1c967246d1f4e663c8b,5750
3,4a254ab17fd6e25c6ef061a6a774d2f2083dc87d233eddcad9727fd306e733c0,5581
4,3c29fa43d6ac2c990693312bc28d6262fa6244a10431e7277ae5201e25b1bab4,5578
5,7b11c5b47807fe00f4c20f0290106bb7382782c304c71d5f842906617a1216b0,3079
6,a5745e83e4188b1293df15ae00232356e8da907a01516acd93bdab43e5479109,2692
7,54f637b916b4bc99b3da957f0029f5302a0a404becdc855712e13eaf50083901,2293
8,bdde991a41ffa7f13aa88d9a8f16475198456ef2041a1b43efcdda931ef61269,2200
9,0dc9f286fbf1368a5715f64d7fbe78ef12fafb76a89363f840ef946f61050f8f,1810
10,e7b83e519ef6ca16d07cd477eb8474f8141c4f70b20f0ecabce334a03fa13b6b,1794
11,5ed5e735763d5ee7295541f32f24266389d5d3ccf7a723fb61bf4a407a7e62fa,1751
12,fd19b5ff83afac35c7eb51d5e79d6991972944391afa5d875bf60ac155f40089,1691
13,9e62ed7fce0b01304350ed65fe685158bd77a0e9365e63398834a250c6394d1e,1599
14,72d8d68f6efa5b8d5ade4b8102589c310eaa34c382913d2db4228f2fac459841,1483
15,d8c81a767fda82bb29a7aa451ca725ac4b4b3f5660a754489017ec60d55f4a73,1409
16,27de9ad3831d4b8712fea8c5edcf7f89de9b16d915e147994419b6874c948f88,1353
17,04e940a5ebf0b96fc9faa1d8b38ce5273808c79190ab719e40a85726aa6605c3,1292
18,75078f3a53de34edd93133af165bd3d5246d26dddb31ce2037c8b11ac97791bf,1163
19,d0ab90ec41dfb6e98da7a058eb1157f61190d5bddb6f07671e674e95f21efb3b,1010
20,fe2f58ab5c0d00d21d306407b7b4272c66dcc1e9ad8ed24c8afdd3d8fef67482,981
21,f4851453d4de4ed2f0aea46c1a82752be0139b026f62c7aa7875fff0028414d6,937
22,b7b1f0c8befd3b79a2858fab25ea2b1896747cd28b13edc88a13969b60adfe9e,897
23,8b6e6bfa915a530a1d8ce532ba96efea2b2697974b57e76114de04c1d8f61622,892
24,38007c86c8964651573614630370c28d12e674fbbfd29ef28f32aad9ff298b37,874
25,f4773c1f8040890d506a167b70759e2a084bbfa1c1606db2ba105c4878e4c798,858
26,8b36b8b3623626f203cc3ac25ffd85fe28acdede06fb3a81dfe3bf283803c6aa,845
27,870ae94170315b2a215d01f49aef0e59f0022145798d3431d0eb2612cb3bb87d,829
28,0ac226c1624f0a1afc89ff3f2dcac364bc6a7716762d362dcfdc01538e620eb7,798
29,d50486ee0e1541e0b5cc55502add877912624ce009897e19c42ac0e1ca74c32a,779
30,5f87bc1f67cbb22195abcb4b9134c3bff70c5474369e26fcd2a2b2a1dc102b23,778
31,471e95563918082caec3b5cd193f78c72a43ca7535721f27e3f371d0ff5454a1,774
32,e442055eb19ec012a61b997be429d4b1a165fb5610b4e4564c3884fa8e80314d,765
33,e448a457dccb5dc800cc0e3e4b687a146423ea7e18231d08fa9f0de52d3eddb6,758
34,654ee85187355b550d5edfa16ead15f1d2a95a877a3e61c8840411f33709e83c,739
35,b85d7e4ff7db6cd0b25d7a9571aad34875a1fd0bb855943a32b5b65aaece7880,731
36,022c267c8428b62788b29f05279a1243080b944a7d58045a0c103edd1af36027,716
37,1de29d2a5450b57954d6324ba900569207a68bcd2f7c3e2e316ea1be2b8efac2,716
38,3f9af6907ab151112248497b3aad251d993cc9c76a2ff8a6b5c7bdaacadba840,701
39,070ee8283d84b7963db0400e059a9f5e768628e5f4625101953ccb162f66ed69,690
40,8318428ca976096305d8c371a32fcd21c57a39f94e0e0a80278bda9c1b56a9a6,680
41,c32168aa26bc469504206e8370d57f8c5eb232d39d5b62fa5ff8d2890095f61d,675
42,e9dfe3add14d17a938d9a42fa9356ddc680181c6d3029b216f9a4577c92b8cb4,669
43,205c68016d18020775123bd260c1e56d2781094bb7da8f69639b85c3a6a52c0c,656
44,b8f8a175d7403684fd385be012e3e43d33dcda33659089ea7eac2a2d8147e92e,654
45,16df3ed2624e19bbc1f230f94eb02d646ab6ddc900050cdec0ddf99c4b04e13e,646
46,e295146d6988d3c1648023ff523b8c0f0979e2088ebf7a8b266bdcb2193f6ad2,632
47,aab0c76ff7fdae28f6d15b03443a997f6fbc7bc2c273a07a5fef73bf60c1910f,618
48,78f16cac6a9641581d50061699f49acbea1d226148bf544f24a63c74bb63051a,616
49,a5eb2a05bcffda742112224769a5500aa6d81f8494ecef83da7d02966049517f,615
50,14ee69b1a19a03372946f30cbf7f3656100e0be94e39f5b9ea9fb6e301e86081,613
51,66f0c984b23f5b0d97e0e41f06e9e208e27b165f4936f1b79097098969e384de,612
52,222a9960cf85935bce6e7f986912eaed6d69230a47a3118ff19298fef1c39d92,607
53,a88214235ca79bf8fd1c4f06548d145a54ad9c349c90f4535279e4d93d47bd7d,596
54,b2043073f73f5e619b44997fa53feff83f5b1330f516a6efd0e0046872c461b9,586
55,b88c2444ebf7a4983eb5d42f0e911a7c726767ab25d09aeaf5a7b0b760e820eb,550
56,7c8352f9f46d61a04e6bd6e3177d082eb2f5beef0c88831d9739d8aeafab1085,522
57,404b4e7b1d0ed17cd02850d67a59d3574c9a4cd962d7faa23a4b2b15937f5c5c,520
58,ecf13ad40af491ee1209209f3f8287ff311ffbeed5c44696e5cf5c4a0ec54423,502
59,88d61a0a529c2068e1b73f4bb1fb0a3b421b3c0f3994bb48b667fd23471202a4,491
60,03346d5c8912f23e69eb32efddd16d88e4bb92b47873cb99ddd9f210c7b559bd,486
61,5ec90b937f38e6859645039f0d3418f863a952bd7e8a2c160ba5a63bc24b36ad,484
62,6fdde755cd85ee77cc362fbc3aec77de2241b8a5ab87def53d424a3f115071c8,468
63,d19abb85e8efab173b20be101ab23c595b62aa06850b2ee738002ed7111eba69,466
64,91afa9c2866d405a99bc80d522153e62749cb0970635f9feff16b3eba4bf7ad7,462
65,690f21b5d2f5b9dc5de2910209539bb666ac95e7d1ddad0905a2b5fa900bcb24,456
66,c5e427829de9c231bddfb5f5c2e6e57b8486424a76f39c5fc391f17f1b944bb8,454
67,9c52d7f528d3178e9217812f5b499c275e31f45c0f63d9e02ede37798c3a9a09,443
68,4c4d28512cf712104d0b7374cb68ae9d3cf5d4f5d7e81c617fb0ad49332165f7,441
69,cbe15fc80b0634f84d7299fa370a329e37024ef5afa603899deab1483df850ca,438
70,c4825fecc4bc380e5bce3a3e3e9e00e83acbca438fbf1428a50d5b8fbd77cbb7,429
71,ded6a6063fb8cd20aa0286c4dd059d4044072974d434a10e912500ab8012373f,429
72,5027cd79ae00ec6b79cc187bc13d95a3f0abbf588e16a2765db0009366148c92,411
73,fe91df3a1c93406639f608fdff6fa551ada4b216065b5ab2c1ff16ec12cbb07b,410
74,83fff9e7321f503d1218bfc29e477268abb7de30e56a53a10ba3cf805b2fae6b,396
75,4c6227d55a2a3c4faac5fee8b9211f1cb694554acbcbaaf1b25886b4a4120f19,389
76,1156c074a7f022e2e830a4f7bf2dc9f681452791f1bc93013ba64c90bc7a4bb3,340
77,46442fe990309a7ae743099a011abc55c1aa332d19da4659d9174d14dbe45ba4,325
78,8969955281528046ab7f05551e18e491a0a179c953c6c4ca051e12ee588859e5,315
79,7936a5a915944e44b9feaf803400283988ea53c14d877e78053209f31b7c85e6,310
80,2c713580de5fe9f38fa24b7bf5faae264a15f27aa9a5998634ba1fffd40e721b,304
81,ce37d1d34d5c2df006d805a55259214093d9a4756e425044d49c03d4d3763d59,298
82,0398f25f8a0f4a4191727351d2fd54d124020728f209a603d3dfc039e2b3299d,285
83,f4423fc9d6fc0f2aac2e7e549ceef49a398048ef81ca86ff3b017b94f2ce340f,285
84,bc904fc3b8a39be8105a3bfbea7e9c2ca486f01ca4bf9684c16aefdf6a88648c,280
85,df365308c4ad893dc5c4da54a79349e16c11f8c1194b238e0a16b4d544802073,280
86,e8f3d92e8bea09a6f9c9a3a98ec4bf248bf63f82ecdafc2001e357d933e78276,270
87,b34ccf4be38dfe0eef956880c189a1de0e74db1de145eaf43853d62ac5f61f36,269
88,098f61e386b868d4c07b9c7abe66aa22c3eaea7e9757060671eeb0aa43254b15,267
89,f1ef78254cbbf2a5fe224e585704a034eab9a15c48b7f8d6be63fbbd09491c76,262
90,87386ac4315947d0ad1094d2d48cb0118f9ce61c722e2beda3c80bd0e5bebbbe,252
91,176d791e481cb2e52737cdb1c14695e77230ac61d5bc893adc543d095b381d79,237
92,ada8e8a95a5a377ae14fef61f1feaf5d43044912f5be5ef8bbec1dbb55e93528,233
93,f049a83b779ddf5546c297be84895f932f935ffbf729bd8e755ae14bf3793f3f,233
94,1a2821727315a18e0dab52c63977c30e8c4be712b2c0a966774171ce3ce5d3da,227
95,101a982da562fc0f0e294386abf46f27d65a0dff3749f920b9aba4be08e97fdc,222
96,cf91c5a13557af33e68dbcd405773056a6c7ea8bdd09e7af512b3d5aba49fe40,222
97,2e710fd8bdeaaa1ae9c9639503800bd9ffbe85f13d1541945cac777d2a84a8c2,221
98,2f5134213a9f1129136a678bb31b772a54dda31342dca3a846fcb5707dec050b,221
99,9fe72522f21ef73d3cb27a82fb3d198f1c871bca25715a5049ce11c8653f9956,219
100,3add9f2e965ee69d839b4664e7e0c3a26e92d5b49f5f5e35df9b0a732de20ce5,217
101,7d0e7015e56114175dd0b53f4d94b9b246eecd9bd9a731000ae0388774a2f5e5,212
102,b51a922f8f9c876d9381e7a3cbb16d49cc75455ec648a608a5ff253a6c40e1cd,209
103,d305201261eeab8de44d1384e02e5ccc073a4215d3736224f850741d0673fc92,203
104,59fbd9c8e5b72d29861ef54feacd32a28e0c8fe61f190e1a8211caefdfba725b,202
105,69706cd52d6f574832f2271bd3f5f0f142bbfa0b0078f9e7134f9efd8aea867b,198
106,acfa484c42cfffe53e1c5b8454e5122d33697c0110cee32c8ed105610033eeb7,196
107,a9185594bc716a1ffd996c527175e11ab853ad172878377518d0090cc3275031,194
108,93a32e58eb0310a18ce3069c4e0112de0472db029109a28b0254988aca1f7ca6,192
109,fa0de7cf1c6f91ee9a32986ff319bbba15182740be154d150a142e0933eabef4,178
110,b009aa84d6f48652cd55ea26c2014aab873efce6c4db6062af95d12f0a1feed8,176
111,ce2c05287395b2074a1b926a54c17cce93ccc6595614a3ab2df84602d354dae8,174
112,08753e33f13cb41cfc75f9630a8199c09db43e23fc3c74764381d276b28fcc52,173
113,505b9fff46cfd07019766c1534281c37f408532d0acc4d7698c5281af0529355,173
114,6ebcd9d1f5201ce756f83bdc960921125f57a30d267f8b2993f4652f9c93a620,173
115,c473e0faa4251ccbf72a4bee0834a7602ad36606e7830aa8b016f26fb37e6831,173
116,db904fb6bea3d836fa9c2d870a738e324e79a98b89b69b5f2492e9772b7efbb7,172
117,1a37f30b16ef926b7496e470dd630772a646849fba314d39472697d9706c0dce,170
118,0b3876acee6e8459d85659a285943029f82f8c1a8b02bea5384113244bea94ca,155
119,593d0fc10dfc2f9f08cfd8f1de506651820579909446741910c1d22f687ff544,155
120,5dd636b99abf4c0d844886b0223769287340212770f0726bdd56f5460d3ce3a9,142
121,7ef4247e612485b0f4347f1aabc647d1ccc3fd2a4f4ec4673c0c919548e66b9f,141
122,abfee829de6ea9083caf1fc4a76aa7293c005e0007dd0eb64b6c0337f1e59aff,132
123,4b73d64b0465b0ed784b159cdfa81ed8eae4d6ca2d3bcfc241ede579e2daf865,128
124,dd4404fe400b9d8b1c32debc5b5d145baffe92f93cd35733d08b258005b15e0a,128
125,8a2b16ac22a19e989dc0d263398b31ba82e3d207662e44d1ded84290e51cd727,126
126,16353fe958a32dd95bb36c2709d21f03c58ccb8f70d301f87027e47ca5c593ba,125
127,96c80cda27a0d5ee44c69c0f0b734a5bdbe91e1bc198d0d60bbe839f6c22237b,121
128,73547a69d726efb783ce8222384bf9212100cb2606bff9ea7996c8b138f4f303,118
129,32130eadc374cb87371ce572db572513bd5824299014e4d8e8ca45b002e42f49,117
130,50aceb523187df7b1de28f4831385e42ea889e02268107d81adcd59941fce8f9,116
131,f20de98a17aa850d62f3f4cd25a24a134c9eb17630b0b717a986bcc4d4ab58fe,114
132,6fdec3aedc32df88d86652f68d7b24686798a1a125fa891016b19baf3e339176,113
133,fcd3aa727b7a19f001e9586c8c23470be724f3b9ea20c7239ae729603a6a829d,113
134,ba72c0c6a1a31e3f5f1e58ce16962eafea82ab6acd31bf9eae35f826dba36570,111
135,d25ca147d658515cdc0d3667be00edb3e0ed37339f10343e7e59b75014661369,111
136,0472f1c5d0009e840b47541564d7889ed2461d4f06ea85258ecc0e027c476537,108
137,26508091deb7bac4e9296c061b939eaadee37fc8c3d5d79a16cd1f03f9598fc7,107
138,af036d61c483b1ea83fd4fd95c7fe35c01f7b5de41ad5e2e3093e5b95659a188,107
139,3bbf9c3bd9646858b49be003f48da8a0020720875c14519158b5558026cf739c,104
140,9c0d95fe1350fcb7a1509afc6bbcff123164e6bcfb659204b2d88a11f893a494,102
141,a805e76fbddb9ac7ddc9f0a5f81b0f398d8fc5e4569fb60201416eea78d5d6e9,101
142,1df26202316593dd4060c5e3b336a6552ebdada479d5f0084df6617158c8e36d,97
143,0d3c7e34381e223af2ae7e8184dfb117a57782457c24ae9450942ff22b5ea4c7,96
144,e3d911c06c298fc9f688f6ba615679c0559de91b013499e3ed8b01c2a0d3abbf,87
145,0ca994fdd07a1c873edcaf1fb941ed420716d261c98ed2c7405eee1b8cd8ce5e,84
146,397622d5ff2988e126c7e2ccbe437afbca51eb628e975c2d18c852b58488cf2a,82
147,f38477763833ad45b72e03cb48014af398acdca635f0bf9cddaaddcbf31eb0e4,81
148,f54ad9cc8797393ea3dd0b5506cd8f261b8d6f37cef975489daaec7215287f5e,74
149,77f7198048a5553899c0174d2127b6bd97db77da1a66f745e8f05adfbad8541d,73
150,d427afb92250023b8ef9046acacf2809177b2ffcb0ba9c6e1f2f98be2b455599,73
151,6a974ec1881e70060ff8907c1f62aa9bacc105a8689f5edfb19c25ec6a438316,72
152,8fdde7a3c026c5219e0871010cd432b558b191ac36a7af37b71eb211865fc066,70
153,8b2e054eee76971aa48f4d8f9cf47661f747aba633eacceb25a35ff1c110d9d3,65
154,7d07b9c9ea2c81ee27ed5b7691cf3b8debcae1f59cd8e08eb93ed2393d6b7d98,64
155,d658a19bbc4cce7a7ecfac54d13f92d5808e76e5ff8265446bf9d450de358347,64
156,39f2720dd8390b0daf907500618c40e819e8b059cef3291929426ee935e91206,60
157,5527513454aaed963795299a876802e551240f708eadf060fb6565b252157504,59
158,fc75f7cb2ed941132d79a51facf7221bbbd9258007a7f94092b893d6d67ece64,59
159,a45a76a001aa818c970bb0e6c58f5eca443449e062fd33d8271a833be042dfcb,54
160,1e889d9db72860b42f1fc14c9e85e180f58ed98c84ea1aefbd714eb3519d329a,51
161,b6326109a9dc44502bb0506188b5790a4a6673179430ed62006d595daa05936c,51
162,59c41a6d039baca066f5751d5d7e0789a011cef987e5c1c07bd8fd307e074a2d,46
163,2a536d9bb8c18c590b8c2cc99bf26360e3ddeb9679d4711267e2234d8d354108,41
164,0a59d788503e05b0d9e28742df1dfc327694cd30eea8e9ef40f9bee357ea6852,39
165,8dd0eaafb1588d422d6113363e4c679f879a6a704fe04dc44b98b1636a19ce2b,39
166,4f262363ce32c00cb3ebdb0a9895f255e59d51e26b7d4141cebd0e49c7b4c1cf,36
167,9d9d4a3ed5d9982423e8f3260b402ae9636f0026ca0b1fe65ec5804bc4746830,34
168,ebda248e6578cee194c0233919cd8045a87e49b67e516949d3642b887d184a1e,31
169,5e7fe8420d821b439b7c0323e70a046980c0264ac0b57440fdc6e6b8d8f969db,30
170,ab64ec150b77c414768a59996cb8113007eb8a4ff28f0a2b2ed10fa1bed5a686,30
171,4d6d31375209a4a4bc0e68935f83c625e13e62c95f4c6d39e2da39e6810deb75,29
172,7f21c89f92a6502f356d83204513fb43fd94e59f6e4ba9bb315c7784e17cc062,29
173,73b4b6d617c8a869cd69984dd17da6fcac4f459d6fc74c4b39104414345bb863,28
174,e183c99506ee210412557db9043079c7eb22e7d47a98a40852fdfca4ccb60c39,28
175,98ff5262a66b0fb03a8986d64ca6629dadc85a2a83ae862f3f43d36f17053fc9,26
176,a4721eaaba2b39cb26e99f1e8f2c57530677fc35eb92f75dc96be80d609a72f0,26
177,0eabb53a2be075856787466632240dda0083782ae9ded4d5ea8ae890e8d1dc60,24
178,2442a1f4027d5a6cde796a71ea633f7819602a2519852e5bfe98db999ef2b6cf,24
179,a1fab640dcd6be6fa94464481d978e3b93a64c27b39de43c46a6e528c47341a6,24
180,637a7e6f751b0314117389f474d8311a64f17a63ff83af5f11dd844fef880dd6,23
181,a2a7b1b56a5a06b0b89d91f032352c7c916c73f6b561a5e753758b959110241d,22
182,2499595259fe846326edcec2c21b7dc3585c72e3573f1ed320bcc4a9af0c8bad,20
183,5b78b757fbbde46885798ec4209a441f218c68136029bb129dfa2af58fc9622b,19
184,7fd695051f4714fd112549120204664c26e64d7031b27b5ac19b5bcde843d5b9,19
185,0d64fb6a8a66f0ad42b6fabee8bb1516390cba9e52c9a9f8944c1db406d287b8,18
186,5c08f578a275fa7043a4213697c791d26d5c0172c6df77c4aac3a1a62f19495c,17
187,90c481f7eca19b89ffaf215542bdc06e6f159a751e1038a1a1f883ade31f4eba,15
188,f22dbb26260f83b2889d9bfeca03850b19d5df1e699e74d59571d5c53b68fc5f,15
189,b377dc72eeefcb7361ed7b5d9f08a22f2ac3973874c0211e74f18ecc7cb054c5,14
190,4d370c03e7e9411e6cc12a970fb1034fef926461b0a9fba0a7626257e1368bb2,12
191,7d0944b57469749665e144c40a5b53c0054cde74d4f5de3975c40b4dc585c6c0,11
192,db95ae7f05787a104b78754186041713adde01c2c5253d6f261918417a424168,11
193,017631c640a154b015945671ae73c48b36df83b305988ce68d754a4a6b1d494b,10
194,1ce8e1bf7ff1d23dc836a55f182a537add795e38990cf1f7f870e12b8b992b35,10
195,85980b53112b1c14134cc4eaae21668ec7b706c6ebcfdeff5df2c37848948de4,10
196,a2ad3f52daa5740755ca14f0a5a1c060d28a58645d39ca59b2f1779ad7b3ff92,10
197,c39e09f2d54f0c21d4f4f3e6306349799f77c3e95b25fc524647088c95ea678c,10
198,0702a4839594a01b96ceb6a4a7db99e0481d239f7c763ad2256c88d5e9e7b249,9
199,5a38009bf089dac29d207858fa54ad34909f45a220d561cc0d16992c6f6bab19,9
200,c9c62f6c94abd2acf75c022e43fd489bb14d2e6652fa08c0ee4d1586e39de797,9
201,dac37464055cfa614bde75cdec00d02ba138604a13810cc76bef74a1f50e6c59,9
202,e3d5ce2359ff43d2f185adcaf403d48250ee22da517c26ed982e8c8d86308b90,9
203,eb825280396e277ec7f873954486d04a51d17a68fd7d568c5237398715e76c28,9
204,f246d2e186552bb794816bf33cb77d05cc9c4363fbd94266482b3b7157c63799,9
205,3947d5817aefb4513ad5a2c41e91ee535139c783aa5ad1e753b1ebe372f05115,8
206,7db0a908ad8efe6b0b3e37c00bc46bbd205b8c6a74d05e07ec0f27555f3c54cf,8
207,d7d629341c014f3d360bfde0cf1a7c06b939055d9e493eaf6bd047eed85a519c,8
208,de5d96c9d8e7a9085c334baf9c5585f73e03c0c43088632aeb433318aadab21a,8
209,ed5cb68674f2cd660db6cd743555d12b06fc6652e6f8ce08201acfdad9083f08,8
210,1784078ae7b1bc672070d56747e80ceb4a2b74641a277d3ca595a4e0fd478b01,7
211,18bd30530386ffbf38cac081687f2e7a84b69580f634b6cbc52b71e4860ca9ad,7
212,37892504ee980fd328015aac25738a4d34825fdaadf3d8521ffd2b32fb46269a,7
213,4a6eb06582334b09169e21ac5f2a6e35842357c03cd310a4c5d742b2b1b7842c,7
214,661d6f24487776dd28c45b637aa4c8ff5fa8cad294330ab0b63c8645e2b890c6,7
215,6f49ffe07208eb1a3d9b63e0729d85a3f50f5b5b04fc8888a0f955bf90ce28bb,7
216,a99e422fc711eece72f3eb7bdd1cda4475fb61a5e0c978b23c0c5b372c06ac6d,7
217,de190e8a858486a57faef2788fa00e424404e8a5f9a13eb3239672a871be9a7f,7
218,e1d642cb550ec3a375be6b5eee6dc2f95d4254bea14450363e951eef162459d8,7
219,eafecfdd18070cecdb86131237e12f2913249e5fca084d9b4e93beb0ff26a872,7
220,10350af108918037f803460492e953883463e9e53204b51c4cdee0bae575cc50,6
221,27812a7f29de4c6d62fe79357a6769106bc85b37e879bf8a390101a242516548,6
222,313117431a8c3892766e5d52d4cebab709f6dc830a45dc880f0e913fe80bec0e,6
223,4c1f66bf80402e2b6ebfc227a58bfdc5f9e57f48fbe6673245b427e0327c8e5a,6
224,57e5db73a694d5248b49c243d1e9fe5c99c90610cc7df3d2779f7fc05e92c174,6
225,59f28fab5218db94ebf67304404da7c509aa90bed661f72a236a1feb2172d8fa,6
226,9f400b4da38ae08e2a1454ee87f33c27193bb5159d5081eb93e552112b27ffa7,6
227,d2e8b3878444451ede05852d6520dc5342f7e76403f8840852e36455381195f0,6
228,ebc39cd8889abc697f4c882da709d0841a2d54bea66590f07d37ae2e32c06c2a,6
229,fefa7713a8350ac57a52c23323bd4d598dea42946d767d1cb124c6969a73d283,6
230,ff8517c64b65275523436823758cc6203084c1e04b992bd66937ebb4d54a30d3,6
231,062500e7cf5d89dbdb076dc874ef2ea1e0178a3a995e12cdddf6b6114e5a31f8,5
232,16af50ebfa648a9e0393a040a489018c309dda3baa3789b9655ba30411e6af85,5
233,23ca7dc387e857897899c78947a11ea6295891974f406dc769e22399dd1f3bbf,5
234,3476f23e24d3d206ee5e990e08f690886e42c0e49764136b0a5b41b727c0b205,5
235,60188dffbf90ae149f9943f0c2af631688b3925e6605e9ea61fa9377f8b8b07b,5
236,95b0df3c9cb8737919c75d9f667cb3ee4c85f074a21aa9c6af903b07634506bf,5
237,9a33602f468ad08bca2d986ac9594a873515f68fdac41f3c44d97067127dc0d6,5
238,a35d9fcd8e2a64b01683ad692120538830127678365849822ad892a65208f86b,5
239,a413c15e600e51109e52abaa23666df9c7e8e92a9c8baf944c9776f95867b524,5
240,be9504635aedd607e66d722df929a6358a663dff30d53818c916af298ef1b1eb,5
241,c1874e4a2a96216109a3cabf02a9d5841209f7eb273f766971fc49bee6d42452,5
242,eb8dd1cbc59f1355c708bacc431cd9fddf094ccbe0382daa168c56f98a4d5f9f,5
243,f41c7c90f85a5b0867a7fc319cb07f4d2ee69615c3ba92a6dee54185b274183c,5
244,0099fbd7aa65c368240acf233121e1df1982ffcb5e74117fd4e4ac103271a6a4,4
245,041082d78138a6163f8e87c239fb8ceb3f280e78fea80d61f90736dd28c2194f,4
246,044465a2b6c525e6f472b94a4873b9017c4ccf467223863a49c23a4d034186f1,4
247,072c1bf31f59105cfe60ae4ceb31916980c127962b25cdd898fe5dfcac81ae16,4
248,124393cf146b9d6fd3cfbb29749ad7042c7170b27c2f8b30cee1efa89770a653,4
249,132ce89a983c2c4c3bd283a768de916a43367244275f61d68c1b7feb70e4e838,4
250,18613bc5001de2f3ce183ef54c1a303cd5244e41591ee4465f0296daba02723b,4
251,1a7e28eba1e5711d9b953401fe14921803dcb867e1d9fd755cf108195cc15de1,4
252,21a1290fc1465cf062c138e50ccb6026c16bb6e58f7b4010779036054ef9c123,4
253,24e544fc868280c6baf6ae11d35b248cae859fe7ef44f6c3752435fc92a18aa1,4
254,299959d766882004f0295db8c6f899f2802ce8b50a4dc6135207ffddc1b0f75a,4
255,2fc8246f5396a078d5f1773861d4525949e39aea5ce9c8b697be691fef46016a,4
256,35fd1e4677020ba65ff15383b838a6a471515d602c8811cf56e6ce5fcf00fd5b,4
257,3837c9a1410bc31d2a5e1443b59d71bbe4509d10e5790f4e7009768b7937a96c,4
258,57e0b785f373146d1f5702d683b67dde831d40d36a7543f09ea707d19dcd69bb,4
259,584bdb13fe914b22a2bdd00fbba67c85d76f03189af79cbcb412d8e976531ae0,4
260,614f5b50db3e8198312a817bfdf4f627877cbf40f4ae046e1626511d6e2f0d3b,4
261,617a34d8057af749e84e6a3fdeef7bfd32a323c6a6460e1231ce061df5202468,4
262,6a8d9be0fa863ed57dee1db83001178996329bab4f842615301cc4a1d3d9de09,4
263,7d164d6376e96d4ce4a07a98d1dfa40983c2d6dc2fa702feaf089eacaf52ef0b,4
264,7e53b61870421407820c8b7c950dc2d1ee6405ec5c40de6aeb77ff45cc8f7b79,4
265,8977293d169d96936f1dec3900b2142db15d87cb41e91319e2e8788a09b281ba,4
266,8ee6cc50029b2b4e1391fb4994e14805293867fa0597cc76f48cb2e4e5ae3622,4
267,8fc3dddae897e6920baf0b92cc4663e41985cb491b09ec9df56b62323c42ef14,4
268,980c635b02e6a85a70888fd3859ca235312a2d7b95e5788e4e3a6da0a5342106,4
269,9c1b956f57bb4351f8f0e2d35d31edfb74d965a77d80d402b074ffa2c4c09ce9,4
270,9db43aff95b762f8e227fd3e0c7bca8fb29cd5f6dd2c52835f3f7cf513639178,4
271,a376546dbc30cc26a6c7bb2d21f5cead88741bfeb70a35d7f36118e7531c3d37,4
272,a9532d0ebe4ad2c162c34a4ee6e17a71bdb362fe85324b155c7b6e7772a301f7,4
273,b2c04eb33dd04eec10df4f20f02e725ab7a3f24608a8a63170740068939f0902,4
274,b43eb509626050917ecb8d92a42d0680689c48a07ad3f38c11b5fbbff29a5706,4
275,b6e717c4fe95a68409e3608217a86a5203610cee181b9c41b692116a70639f23,4
276,c2076762470087e91fd570a4eeffb421c19d2d2093b68b59eec93403214647d9,4
277,caf95986e5f838fa99825bb8844e807acc83b15a5c71c301beda01c40ff3c7f6,4
278,d497cb648197b0dd6a7af5c02345667bff478b6871a31ed1801787d6230eb35a,4
279,d612f9f9c0f6693d846276da02fe17ae49a15cb588084697eae40d11209524e7,4
280,d6280e65ef2246582fe8b6fdb86d54c6dc499bac0c6c2e2539038d090a24931a,4
281,de9d40cc389cfe1b1979eca11c031c74fba41635d096f9108838c7378dc306ff,4
282,e13be874749a42e58106307bc46020ea6618b1f29646861079b5f0eb33535066,4
283,ee1f80a23f37d0b1330898d436503bf7febaa9375a7fb084e2aa7d0652b734ed,4
284,efaee8cb2ecb85b98d5b344b213c3fd945572bd17c2273ae75f81e6de4051c00,4
285,f2f29ce96b0ec7107e84c09dce794b19b118d66ef46300aebefec5523bfc98cf,4
286,07d516b05967d8e9722702899ca0ae18b3c07f37d51f7789518a037c0420b18f,3
287,0b7df5a184af9a6086e68775743c9f88f90fc81cf58931719cfa4b8e48d3f6ef,3
288,0c7e78fb93a83b9c6a37b11770110ad9f6ed037f065fdd37a73351eeee26fa15,3
289,10da80c8cb3f137491c909b22cc280b1d32992e233156d76a79a9ae6a5460615,3
290,1196b8b1661f5d47a4df79e1b1a89a2420078c383353b1aa7fe2ba525101365b,3
291,27155f90f7bcaaac7b9a539f98f2101d4152d61c795dbcd7b60bbf3dae9031aa,3
292,278a5963c200f6209026c98eb46457af9f5d4343e027b5dd8ce80af95dd16f60,3
293,2e8b6bcdae37873cdc681ca04ebe1bb82179cfb27ad9c1e738ba857ec965a85b,3
294,2f6a5cdaf5f65d342d402fd73517f277758b94511d8680067568aa8697d05025,3
295,326c578f5be00c85685154d4898d5c81693389741fc78c86077db805654eee9a,3
296,34b30051ff846d118efe311289d3fb33ac041f0d79d869692108d4ecd03e0dbf,3
297,3968bb571d4d57a93df5a0c1b39358dbbeba9b9a577469ce24a8c3537478af72,3
298,3aac150a7e9d10a64d493e4701d50d492ef1ae2ddbffd0f9c2d8d428b2ff84c0,3
299,3b1215e8dec43dc2c1fac0239f0d5ea11740996441985fc1a3cf9cfec8482bc7,3
300,4211e60f7df90e136327ccc3c9948b400f9905df0df4c4439b6cb155a8b9b3ab,3
301,43362581487dc3cb79c41feab5908a0e676b73470f30946af2dee83c46e29d1c,3
302,478dd806155d19cd8b5ce6a021caff3585a96b344fb1d3848216cf93c26b9bcd,3
303,4e37e05d4912ccebab0eb66a115e5e0c1652a73f6e9abbfe303fac53d4ccd432,3
304,55a5637bdf5d83ce77fe2acb44dff36232b2db55c231836eb2830bf45c9dde1c,3
305,564338ad7ac9b9c13ff644b66638206153280a7953cf0ee7cc4cfc3525ff2ea9,3
306,5a69cef7f22dd04eb942e746d36f129d6b14b9392b3533b5d9faa626390beccd,3
307,5e4b27f07ed9bc4f68106a1f1d0302b5fefe692665fed8392614aac6ba5df81f,3
308,620accd6420726b014bd8609536c212049798af0c120cdd2c044550c34e1f68c,3
309,653f905f8ee32c0b8fa08793f6a7cec8fbdf5a612bf35037b2cb69076ad9e5aa,3
310,65cbb3ecfc663c18927241804a71d70f9adb0495a0a994d6b8c59d8c1e5e264a,3
311,661a516a314cf1a38c2ade5799d3bad9005e6390390493c04e2285008f83dc3f,3
312,7115b0a71c990b7878455955cd41238504212af31c24c10c569aa4c6485ad580,3
313,7368967d4a9d71a649116e5de166a1328a49f0b55c935f96150a25c34f188fca,3
314,74f2da299f48a3251f7a2a5a4c0fa444fd3cd82bd0bbd57e6672dab15f4ad439,3
315,75c1bd4a7f08032e53b21d6b2bdc4c1745215c89702365986ffa0f80cfdd9312,3
316,792e014dff3d4975695223d00f08c6730e968bdca0cd9539417255d0316c25c7,3
317,796c98da284511ae33fe5d1ef4a81642676497096747d7114c8f81df3f6cedc2,3
318,79cc7ac3a794116953b83574c8528d5c127a02993ce4ca149d45389267b71dec,3
319,7da71d00436181f57ab2f0269055154512dc7b44f6e7dfdc1ac877d9e444e8d1,3
320,80f05fc35d0a418acb4b6935ba54ea66260716ca7732dbd035a688d875fd3b9a,3
321,89e30155a8d6bf2c8f3b093bf405133b3fe08c7fb94b571d1386d822bd94dee0,3
322,8bfd4353d22491f0168b382d7121a8a2cd15488d84d9be6e386165e7e842b4c5,3
323,8cb0985b3c797248c2d72def6b151303deb3eb523144cc8d0dd398a120150def,3
324,8cbe3614a04d9ec361ff36dea3bfdbdbb14bf9f8ab412b96f7b0e60aaf38fab8,3
325,8dfe410df93890de70b7522d9f21eca7892ec2ff6458bda86eba6052a6738e07,3
326,8e1d1be13c01d136e5b36bebfb9e6e20ca1137844bae1502d03a286e496c8a72,3
327,8fe5cefdc62fc517e8768de05fabcd92f0e55d282fbe83f81471992f0b1f3af1,3
328,90e5bce99c538755a036f989377556c91e0309011476ce8c7a4d3b601a524529,3
329,91c7cbfa01f7391c7b9528f11084d6131dbdeb2732b8f23dea7d7cbb82b31c83,3
330,9651e25992cd533798cfa9810d27e0d6f16b5ea108e03aa66560ebc99685c715,3
331,97d5c71411782e63d62b9e77fbca7338acc07057b84e5b620ed830eb278b732d,3
332,989d09bd54f47510efe05907a8a3bdafccc091740a957ccb0a46e0dae09a419d,3
333,992171d99aa59f225fd1d68ce96041f1ecea72a98f2ef1dffa10dbd138fd8eca,3
334,99d71d87e9dd7a4aea7792a031d0147960bde0d0fa0d5d206530cdcfb7b08e38,3
335,9cdd8cc70c4f1be5cbbf0f887ded8f33a784ceef84efd2a3b0aefc320f063db5,3
336,9f1b8e35d4af3e9bfe1f99ec4221894d0bed8efcc91595c944f54344e5feddc4,3
337,a21a471b13918e98e73b041dad3f42eba62891d2715f54d3cb57962eaeb9b730,3
338,a47369a6cda4be7aa9126aaae82a4fe678a4e671796197437f43785764f0abb0,3
339,a771ec78f4163bc87c9127149dc4488644f7f123309e7d619f550842c777f874,3
340,ac18e0420c0c2f6203d448528886e16740393ae0418a98369a5e20b1d3a364be,3
341,ad926a76864229b7a6d828bd949629a871ee2f7831f2b29512b2ea0d6ad0f97a,3
342,b3acec1678d9a9e5070ab1878443496123424fba61de17ec70f847dfadfc8fe5,3
343,b4a5d6e7d73ed4e21f62fb6dcf42b401a50f35a626d0d6d76c1fe6419d5fcf1c,3
344,b4d019a4413d533e1c1c75cad04b7f14a7031f4cafd21e0f002f4d66cba7ca58,3
345,b59b6350b55cacdf9907e4eb634c19e400fac7badc257d2cabe310f25ceba0dc,3
346,b72ad043cf342785ceb6ef527c4a979d83c8b2235c69977340153c4f9d800fd2,3
347,bb4bca5e772b311f3d8d2a0c3648ed3654bc5743c191e9d63135820c65df2e7c,3
348,bb8706105cc631233e2f6806000244901e7b5af0e43863b5a27f85ccb15d9d53,3
349,c0ae1b33e764db878f3ecbddeeedd4a2433aa2af2c01cf443074db4a10183939,3
350,c6cb1a46779aa72421ead8dd2c669f67b86be9934f7e3950a2bdd4eb0c725344,3
351,c86266cbe482b3e1895051693e66bd1b1ce3c8592612d5ac5ef2668531329b59,3
352,c8f7c27160a3ffadc94b3701b4dab0adc40fb20c2e0f4e52498b3b50b992e608,3
353,ce5dad60e5ba826ab43f39186ed7a943ad297b43d71472f6e8ab73ee201c926b,3
354,cf5cb3e2f601664eb93bc5fa3415029507528027e3b1369bc4169f757529e2d3,3
355,d2dd4d376f027d4091edd340b3436a3526b2152dcd1b7cdb914fe8624e90ce02,3
356,d42aca0281ae6bfa567157cf7793630c99213f7e6a7cfdb0bcc7dc1cb71fd812,3
357,d516ad12ee76378cf0ed94d95802de7c30b0a6343825de0d5b9720e782fbe4f6,3
358,d9663e5c114cc541983c6af32c540b6e43a5e10a1448f80cd949b0576eb48292,3
359,da4053e45ec2849b22f47f0b67038ccdf0f38c5de903cb0246573608aaa08f11,3
360,db57d2798afde791e21bbea9f3f553970ba4ecbdfe9851e5801fc3daef97070d,3
361,db5e44627aab2c073fc65040dc4139c336ba04e5db1739e7996335cf86955809,3
362,dbd7b5e945b6ede32a3f2284cedf8c3598af6e5b91a4ae2d5e110a0c7967b863,3
363,deba8720a5ce570579059be5777c3e66284b1cd35047d6f4bb639e59f2c5bcdd,3
364,df0a8144636589e7fe407525f2183e47750f238d714a0a57b0d9efa4e272e37d,3
365,e12263405bfe6fc3f03a99cb82cbc5b99207c42965d170b639a9597eb5019c2f,3
366,e40d65ca0692499671a7dd9195a55ab7312099b9011cd034a390169a9d196b4d,3
367,e6b85ebbdc19f9bc9d2f2f72d573c0d2125d1b14241a2e8ccca9cbcf1f2d05bb,3
368,e70ab6034bdef9fed1d62eb2ec9f9e8fab49ea95f7f077e57fa1adab943194a9,3
369,e7c858efaaac8c5a74d7eda581344c5fad30e68d71d63c58f8ea45f412d53b63,3
370,eff4ff961954b358d7a4b7bd5d9c7b77b5ea097d1bf2170ec5f3aa631ffe9eac,3
371,f43920bd3313d8843f40adbfd497796d627bd474a3d3423edb54a69ed415ee22,3
372,f7224b89133e76dd6e069bd176349ef727d6555014aeb934d9a942b9f2ea748d,3
373,fd2dbbbf24b8b0acb2d8b7ba877a0452813330197850344e51ca4652a2acca8f,3
374,fe7b6a4743e4a0025d64a80c86acb230ee930794d7336d205469165b569fe213,3
375,0008453438b17fccc3f525841db1280956d9d842d5f73cde6bcb136bc738da6f,2
376,0073568dbc6cfec2bd5d72e8298f4cddf382a399d638dee6d43ddc3835900635,2
377,008e0a78cba74e50de159c3b9318dd7254b34b15ac7583b19997eafdf57792ef,2
378,0162f3a920053c5b939559f60df5614679c9af95aebfacb7c2700421cfb8dca1,2
379,019617c0a188904ce255ffa91b7e50cafe406e0ec1b3401a13defd8e1a7826c8,2
380,019db8a168c528c5ccdee2b125ff0e61c44ec9b9db4df8a4d69d47ba91536d4e,2
381,01ab6bf2330bed85ebd7b58a770ab2b70c1142a9219c4b3678f52686df4f7249,2
382,026e3f69d31c259d049a038d140a89f190082f66a03d78d2985360b79c31785b,2
383,0277d90aad2a0f4e6daaa14c79edeba7b04eb1c43c8071dbb40d51059204e994,2
384,02a8eab5be2ff1966dfbdf2f12670727a2a360b930a16040a8ac49865561c2a6,2
385,03668c5da3885593d151638663239ea9535c07bf3830def3877728c81e9fe323,2
386,0392a3c63ccb9d74ff43786a0b856e041458eb3af6dfe727797ca2453e630659,2
387,03d9cbbf54bd35d6165a29af6f21aa36c956f06927f7435aaf0813b6edfd61f7,2
388,0408ab4a714107f6a7499f5f4f962010e2c1aff0e9d6b50dee9968f09e035bd1,2
389,068740d8d540cf047393f24a79f06261152993f07fad363b8e9567c334e03afb,2
390,09d0f47cf3d05cecf3468629646f643f90de75340a78e07f8279e8f40c7803d3,2
391,0aad7a949f156ea9b5c3d1453bf1cc78786f185f50fa15177f88450cf3e5bfa7,2
392,0ad74de4db2e7c0ca70073206f60b2245701370986fa63b4d6443e425b6c9a86,2
393,0b63370659e7853fb5d3833076a5630afde28b10afbb9359feaa468f23aad6ae,2
394,0d0e0556d6acf0e9513298617b5f715894a8d4ffaf77bdc28fe7c8ee77a6e6a2,2
395,0d9593fe14e1164b09866e4ded16644683b605e7ae8c68003314978a0196bd13,2
396,0e29061b1d4f7749c0ee13c8dfb21f4eeba65b36c7ebbd899079003b181ff139,2
397,0e4d85be68ec0352b0ec850df55c26d4cd528ef4bf38614433a93a1f8712b6f1,2
398,0f7b7897a7ffffbf7f9bd1c71f18033f21c229054935bd402ed313cda929594d,2
399,0f9088f26afcdc71166f2e1a9061b70009e0ee7b240eca16bec692c53baed6ba,2
400,10270fc456c1fcbc889ccfb7543bbe9a53ea654368721b852e47953a174ea7ba,2
401,10bd5810e78c5bca62d9ec0ad4e5485b10058aa1e7ff89b0e62ca3ba628eadc2,2
402,116032a29e5ffdd88d702b6be73eb18d9b629d97c4ecbd28e8886dcd8b459a73,2
403,13f1def738554d32a7abe65f2ed92332319c17381929e7e5cbe89e59d5ead3e5,2
404,143f8b8b0017a3ac25c4e54622c823d32a3b3c7e63387b714705a1db79247dc5,2
405,14ad147733dc594cbd2d46beb55925ce7b7556c4bcd028971a34fe138a6c1876,2
406,14b14d583e94794b226bb7a73af88cba200aca26a09f69d6c9251bfabd2b2af7,2
407,15d4d8c106616030ebac3652ca189329762d937b8afbb365fd056ec646981ffe,2
408,163359aa205b8a95b7e18edc1131dbef1c78997f48b04bbfd7e7ffcad9d06656,2
409,179380e5f15bc53b435184c51f8f9f82683e23db28354786dd1e218ee4ed49e0,2
410,179bcecd8a7a5e9fb58dfbc0f9ab6dee2423dbcfcb0fffbeedc8d91fd277c1fd,2
411,1892df2a8bba8bad36f55839204d509784c334fb52bdcc25eb7fd52bd0cb1f33,2
412,19d694b1e8f7f7673fa15f32f0a61b6b657c82dcb340c013abbdf734f6fc1b04,2
413,1a654ce246583cd8e2843484052611d588b057939f9984c39d113fa302a1e009,2
414,1a80952020f8db7498b47e66f582299652345a02a686b2b707b682de6c852d18,2
415,1ca67c37252889bf51b8700827eec181668d15db9fab4b735cab1e1d56211ccd,2
416,1f7e16d8182b6042458d66b139e53d4a463951c8b06d2231fce0663c3b78d603,2
417,1fce6ec7c9b243c4dd10f68b01d779516bcba9686ae21adda05db869ceb04265,2
418,205a1efe216d76c0d008271c726fc63244f87b981ed9420c82e320a6d9d0a2c9,2
419,21f4cea3f79fddc8e978eca4e797141438638ec4889410d088b79e3bd9e51c4f,2
420,228c69ed3149186168ff230cd3e4e3ff2faff311d705f48e1cc0e9fa04833981,2
421,22b6de14c1c843ce9a819d7faef0ad6a84c7234e3007c32dc07345cffa7b0cc1,2
422,23b99821bc9dc23bdda0b82c5f7c5fa1e7b66ca7a979bcbb9e4c04816f392c66,2
423,23f1d83d533cb954d1bbaa64f74461231ff90ab4d63b973b2a08bd900695fd14,2
424,241cb573543342cf66d5f86e39d1255534f835c7b3bf16c5213a21eca2eb7c96,2
425,27502a8673a1aecc7a83d42bb4cef1aff1475359436cd7089d36a8100de46df3,2
426,2760831f93566d9930d3f38536d71773f17de6de075a7d18d827f201b2b7fc8c,2
427,27ceeba4b64e8ef81bab2eb5cdfd68b7467ae95f7f5b6aae978f3c529824b2ee,2
428,281ec0059587c5d86241a843e24828001aa54cc8a14b3609777c48656d1cb9c5,2
429,285244cea21d9963e884b264bbbd37090a7a2b6acf0b1837c460c14616405921,2
430,28ba7badae2bf840c4d57e5d9eae75222fe06ec1a7746901f98a394bb783c9ea,2
431,2979612b9acb0db2e8f50dc1cdc2a2729c2961cd86a1ca9a3d183f9dd3374c41,2
432,2c125c132679326c0f7712be3af1f8aaf0a00affb9977c3a802c6b4003f456bc,2
433,2c51c576023e7cc2b04560d2ae808cf3e8fc274afc6b5a2c1805e7ac504bc85f,2
434,2c56aeaa3e81d0150e8d046673822822e89cfd6c0f42d2f859e22c2dbbf2e5d9,2
435,2dcdfc9d401c1433e60f2cef61afc716628efda49031f22e8422e75432adbdeb,2
436,2e65e086cf71e873bcd0c70db8478130cb0ffd6cb8aed236e279da99dc03582a,2
437,2ecb35272e9cc3a9dbde155049e8d3cbb96bc7c282a0ebce858e081e34c3c977,2
438,2fb47f9ae8354f36b09bbbd78abad01e9fb0bbb088de0da9d75d5e453d4f9201,2
439,2fba04d820be1095bd7edc8b9b1d2c7203e0760fa1ced8873c0ecca85294fe09,2
440,314be271367e8b3b3a6c8375cf4abc34a3f04f87ec929c4a224584087f1ad514,2
441,31d9a6eeb00f4842b40477d2cab7f787dc1f0b9d6d0a95e523648b5b22cc4d10,2
442,3219f116d4c7a0d3ce6d8f2cf17a1f65bd2a71fe58bb91aeef63a4022d1a30a5,2
443,332b9ff90fc549b9d909613435c74dca0d1f16800fe188720b6d9cc282fe8654,2
444,33865cd0a9c268a7a3973f0fac26a3a5ef0a5ba47063d07caea0a9d004e126d0,2
445,3535c19d6bf82ce7ac0e6ccfd5b0d819bd2c0b115a67d0b2a8e2d37e42f0eb0d,2
446,36b32651c8ea594120cec9a5966dd8a17c53720ba3a6ecc3b12acb26e95de039,2
447,376d81d9d0704b08f954689f93a043b34c63018ddac3e7026d7d9d2f4f6eaeb2,2
448,38539cd63905b862d082673828b7774b9fee1178d51cc608b8a1f454931ecd0f,2
449,38afc1830aef460d57a678dbe460bda24329635788ae3ac8d2cd0c993848a288,2
450,3944f7cc837195985c71597fc913f05d1fd8834da7306203566d3a13a6fd5082,2
451,397304032323fa31cf03e9ce207c76b81ede79a8dedccab20ea369501e9fb62d,2
452,3a390eec333d93e58b2cde62ee088800c2f712f5f323f19eca1414061bf054f2,2
453,3c068d929492b8541c94362a1fa0141f14afde45d91b07635060e08076833c2e,2
454,3e476ec4dd8f15441f5a382e411a0a1c15741e95ae1c9a3cf608d21c6da3c1f1,2
455,3ee9a4a2bf5ce7dc80dd6df79f99df982a51acd00b4780a69ffe1635a768c232,2
456,3f07771a2e31f0c5db90f7d2e28f3efd001fbe9538f0f1f016f3789fc4f7053a,2
457,40990154308d283f4b9dfcdb169593cb6adaa8c00575690ad8e5c41f7f4d7bc8,2
458,40bbf62d72e5ce322deb978d8c333df7b508cd205383d704e09aa96d687a0d8a,2
459,42104066b3bc1903a6c0b50c223f505e80598ab7d0c6332cc9af3dbeaee97cb4,2
460,427142b8529fef629ffc96a881d325f0016840c4b518d901a261c3bc464f7a90,2
461,43cddf5e807178f5cb64cd269c65b886f8d857da369401c6c9584aa4455cb776,2
462,4552e234ce09f0aa40609d8bd1d23d8ea07b3a10925ad5542aaba0935c55a4bc,2
463,45766f9cf3dfcce53a92ab0322a4d07911b83f7a60438aead68f87b5d838b928,2
464,46f70cfc9087337c2ccd5b818fb4ecf5eb0033b52e50e4c1f6efa943f01950b5,2
465,48ec5dbc44e863b8928808b544bb07b3a96a248a8044ce385e6645a8075b7e15,2
466,4aaa64caafe226fee75c8ba909e6e60af9318979f24fb44a7fd26a5cf5aa02e3,2
467,4b26572e989c92e6d0071d302b8e6415d4da8425474f0327719587974eb98d67,2
468,4f5331800f4587a902f4b5506053cada3ac37e0417378e9670ffa641b846e088,2
469,507d39939f22bcfc030a197d808ae80a534f6969e7b010649ae3497a04f31391,2
470,508aa1d05bfd71e4eb8fc41f3acee49c83ed61850d2c3e9af19096614e80e1b3,2
471,5243374c8e0182d926ddd3ac6fdf824afa4afe763b200d165640592cb45de53f,2
472,52a731129edba6ba32adabfc5682c1c073f0351da1da00a446f8143634906119,2
473,56c63d84c350f2de04e38ec807277917730a7c4496397cc342cf3ce6648a6ca8,2
474,57397de7dfcf170dd7eab07d68feec78db19876620bdb5800cda021525e4ab82,2
475,58093dddff563e10a0a0f9e91897011e5a6a6583c0ca62a0c113b03fbe29faac,2
476,585e176b907c5900443f791d8e917933351ca382ca0c9f968048af32630771c2,2
477,58a08afec30d92929fcba5f5800721082a612d5af93afa1b5afc27088b5a2bad,2
478,591bed8adade1fd3c984027acba82b1d2fbfd91517461b2f3cffa9578a4a58ea,2
479,599ba99799c83963e0ce0f2b15b3e68ea4d88125bfff79eb118328fbc59f74a5,2
480,5ae817cd4dc86fa4410750a3a8758ea67ef769760f1305e89e5e6076cb298aca,2
481,5b382c05fc1a0133b9866c10868c6473e5fbb14d15e38c8e8cd05356a8e4c4c2,2
482,5bbbe1ed3f729733f16425654937d1cc8f37a487270be4ef96eeba9e5f6e0914,2
483,5bf89ed71cdf4cc1746cde7dc29818c0a48fede50d60e62b132bf15bde57efd9,2
484,5c8968182a76bdad0f213b0f74a11b7d09eed45aeea0e447267c6769246253c2,2
485,5d72cd88e1c752e3500c1cf86db2842afb070931bdfcbd9d87f6c4a464df9af7,2
486,5d77becb8df73a16769fa1f41090df1cd35b6e6477de0b7f3a6c7a904705eb48,2
487,5da1604e69f71c80066435ad972e6ae2d986d83b6968387a37c17250ce33b2ad,2
488,5ff01ba996eccd74dcb8dc8b8a8b8d05c1ecbb863a19b41a6731e315ab1c1c78,2
489,60805f1db8b20b5ffd262229c5052d37b21c2a990229109335cac0f42549c585,2
490,616d729d9a53369a0ae19449f9181756bb2e888df09e739054f8eff4fde9442a,2
491,618fe9ce305b82359fd8dd41c6a41f92e9cce4e3c46aebe6fb96b998c0eddbe8,2
492,643f49519f7320a67766cd27a68d35f3aa14dcd9b8fbf7a1a5025e3534991f32,2
493,6444dc962395ef7dd967503825cacf617afe4165f17293f12de75da8c7fbcf3f,2
494,64a8e218abbacf5f8e1a5114c017b9226b491e9a6c378993f0325623fdae3f9d,2
495,65104a8e89eb106a3419b2ec90e217311624571fcf3d05fa17a909af1ba6605c,2
496,651c3caaa321cc88d531b1d26b76fc65e57ed4b27117dc5ea38dbd4d00af159b,2
497,657a2166c3e30ce9d10c883b8b266721ddd22ada7bc056f218cf315f5fe2f68d,2
498,66f9ca5b7b155bdcb9f3d4d1aa8aee90e6848cbb61d83eacc94ca237f6107326,2
499,67b03289deede31c0931a4fe9297ebfb20da9c0c50498b8f68a42e94fb67e055,2
500,67cda55c10148642e7c8d3b7332946e7c722f807baeab9f237fe32bed724c5e4,2
501,683c158fe241814052607e374420390eb145023531dcf3955426b53c07095ca0,2
502,687b62259332458a41d032e29b3990a3ee1e2f970da5e4b7662a6a2dcd972595,2
503,68c1371470a9d05e4549e708548787a31e3b9e3d1e60fc0e0b4bbc1bb25f28a7,2
504,68cae875df02c69fbcfaddaea5edde857631dd5f8c69076140e514b29167760a,2
505,6b889660c45efcfdf6a35b397db168efe85772a7ec4c6537e5d1e832c9e83262,2
506,6ccf41c75a1be880f893a2af296998dcbf799d29b3e8040c322aeaed3700c1eb,2
507,6d2536c8108add3397700fb63c37078070952608a1bbef1f4b752ef222d35f68,2
508,6d9eaf3460287342f185d74fe5ab0d22700e5237572ae0e6c38ad4327269161c,2
509,700060e796797c72716abd4cae150351e0449cad87a89bed6aa1e5575679394f,2
510,706bac0585eba252adff8e48a743b5869924002cf26f4751a0d5d8f0d9f090f4,2
511,72e864a3e922b27710f9267d4aa91c18724c9138aaf5d5d7f22f7a75470ab8d6,2
512,72f163d724fb78d21d880df18982e58a1fbc54f07c29424ef6ef1966abb6ad08,2
513,776faf3c67d326aab7bff7d9daf0fb2f21c98c8ca3d85284d8eeaff8859488c7,2
514,77e5ea9d0d3ca1cb140fe3667590e09ad85f034d4c65a790ee72b15f09bb0834,2
515,786fb5e0a83bac9fd8c0f48d2d0a8a4d7ba1a09318399ee09dc2d62de1713663,2
516,789e1e1e81aaa4bb2ed387c01d368ac24072a554c734d86a7bf730cde49abf17,2
517,790c7fb6154b50d3a21188057b9b566fbdee857a7eadb9754ba38bf85f8eaad7,2
518,797b6fb89ea94e5f3ccb7afc815e10b4005497fada47475771b068b374da4af5,2
519,7a0894975e03e298fcc56a119fd60c0fa654269dd664a8cc842fa95aba402a02,2
520,7a3ad3eaacb6ee3e23fbbc0073a626ca3d87debc250f9aa0c1fd0d20f18b5421,2
521,7ce2616e10f1dd0d1375c0380c5e1edd7147a617c46cca001ab2f2fc419ee63d,2
522,7d2940a6e68ce984acd0bc2435214ebb5e897201d5cfcdcd1ddbfaa1ac036941,2
523,7dad26ffb17902137e6bf97ea438312b5019ae5b14ff61d54a2a4e9ee7cb225e,2
524,7db2e5b30380791869df1a391b525c909d9395b2fd0818f6709f8f013e518808,2
525,7dfe20bf10f5dc32256a0c887efc6aaaa3d57088a13196ccb33c67e4a7fc086b,2
526,7e82801924572b7c68083f1b9ae14ed740533190b33074f1bd1b100ebf10bfcf,2
527,7eb4a36ed4c0350e549c2eb73b4ef8d7f901642d957aa0fcfc5cf3da67ac1655,2
528,800eeba4078cdffe8cd5259ef9aea5cd8cb2b6fdb17ef758526f4ceb19aee9a6,2
529,8267b0424d7c254b5d57dcd56d7d920a6481809dee6416573ade7f69fa4c5bcf,2
530,82bc1637fee82b85f72d41bdb70f9be8a17dcd6aac0887b4b700607ac01af07f,2
531,8358a3635dbcefd25fc23989af27c6c555a1c716586770a6c3ec2dcfccb7be07,2
532,8394bb9456018e06d46275e66c964fba19460491bd286106db522714b5b219e2,2
533,8481861e03eca8ea678aa20d0b0abf7f6cd0234584eae8851e0f0aef299f72b3,2
534,8710dd8f4b2ba919660ee892e165b99bb9b81120cc5169febf9e8637a5381306,2
535,8b309923ba1983dfed278865dbc6ce617939a015f3034a4ae5511caca90b3512,2
536,8d3f6b273bede32ea9094f7dda928971a5604d01b20c65511695bcefb38d5fe0,2
537,8d829161e14dd714d6e56a779412ef147ba74008b901ac821c3d1fcb12eb4860,2
538,8dfb4b43059f61e8f408ae7c3b273603f5792ea60b6d004d3d5a4bc013854934,2
539,8e06c7fa2670427e4600c72dfe8b513e9c6b52529438b229badf24aa3c36ea56,2
540,8e372e73d141d0def2cf309fa0312a64388603b6f8935d797f925acb89fc2114,2
541,8ed917929db5134806489315444d28590edbcb27a89411e5f86906b2404bb6a6,2
542,910ee67f8a48e9806965a46a3f18db0128ec232ee017e5471f4d531c31b219f1,2
543,92c54315eff157cc9946136194aa1131ffd9630e49fba2d2de4957161d60501c,2
544,93faba301b5d91b82e06a0314be5d2e808aa8ec2dab9f9476b99308f39c2fc12,2
545,9412edb8326461948dffd7bc3b38982eaf383143de890cf1fc574547d9a0fa09,2
546,94911ba2ba2387b2df04fea3c7663bf98e0babb15a68b2f8df665b687479f2fd,2
547,965ad22b9719d7444653cc564cef25f9614502b1917b7f47e531ed71d583c8b8,2
548,968329d674b4ecbc879852e0566cd7a172f4b4b132e1429f0007e0d21d9801fe,2
549,96a0bbe2bffe81ca42143da44705984ddf23e57240edfd4ab6073747b18a4b0d,2
550,972c4b60d2ad6d528056c6999928400df2bdd47ced8e14529729d84c320c3e13,2
551,997e9e0c773ae9e0a22820d2ebb90c8f3803e25c8e5eaccbae5bd1faa805ce70,2
552,9a9308155910ba4260566968cc4887a23a3c6c948e642f4ad7ceea9f4a651ef2,2
553,9ab55783578d15e84dc05d119df3483ccf6d787084bd1e3abfdaffa064c760dd,2
554,9b7a54630025aae5dab8ec9761cd53118e7c1026c8aa14a9b40818285e89a215,2
555,9ce91c963a5f8435585255399f8165a5ad892cf27e57d48845d8482e3dc1a387,2
556,9ced387f1f560b95093ac8787875de15998a75f116ae987ea74198c98b6ea61f,2
557,9dad913e416f99c31c6bb1119e231f003e8d9033cf5dc3efbcf8a6c84a57d01b,2
558,9dbf8a8c142a38d41b33884f1bbd8340454352f34641991667e599908a79e2df,2
559,9dee6ac8652382d0c77770878d405c11fcbe7e0a0baae26361dfa75983047c24,2
560,9e32042cf746be667be444f0a947bf0adebdbe848a99f554686b17147383db33,2
561,9e6bdc2d4d49400f9567bdc94ae435ae911d0a15dbe79f43c0989108cfe65d86,2
562,9e788c1208c156ed85b59ecb7a71820af2dc217d882fecfdcc787421fa72d9f4,2
563,9e8b05a338f7a9b4585e0b34d4edd13c6daeee69889f2d5369223538641b2048,2
564,9edca26fc9dc27d0c20bad2e40e8ff3cb1d360f9b87daff391ed46383f9cc821,2
565,9f0ba2d8075c58640aa793bfdadbd558dba717be0a1a8c4868a34acf6f286b08,2
566,9f918f89f510f9d18da0b7d1d2fc71c34d527a92d1769c88687ff8250a0c12d1,2
567,a1b8accca616034d5fc3ff6821ba97018eabe75ac310a7b14f21bff91040678b,2
568,a261093376c0197e78643ababc780d5a4aefe7316bd605fbb0f6a619b695a7ce,2
569,a2a6101132f3c565df10ee4a5994be259ae576cdf73c245535ce706ab8d0d144,2
570,a31ceafe4491e537f64e574a6b87873ea7e96c3e122e8d8877638e3b9c641628,2
571,a322168dfac5677c8cbc2c542d144b3f93bc810845b3c85a7aee2fc013d9135b,2
572,a346071c0d6c7da0560a10279517a8681b71170b2b859a37f2edd6184ad0dc2c,2
573,a35c3e58690fb9ae4d8ed063f2c43e2c8b80b0c0b6d486d507e18733e00bfcce,2
574,a3e062191b0c112dfa29940f74d1588f82412f551424ec39563591add208b60a,2
575,a4bb42f4a0c3e4799e263cffdd99bc0d7f24f8f7fe88087282d3417171c29e76,2
576,a5c6886025a5103ded9e7cd5ab7ddf66e476f66a31f894f70b305fe21bef3619,2
577,a5ef749c4648467aca18c33603b31699564b63cc1aae38e403fd3ff6a5160939,2
578,a723292ba0f8dab11cf051a320953e2b42c41c8c88316a05dd56ea23adbf6aea,2
579,a7c01e5032d4b2a0a25293dd2ebbf4f5f85557923841935c4557b978df792a33,2
580,a80080f2154444478a0d04816485e11746396520d5e82071c949f71c59cdc40f,2
581,a82040cacfc741dc7ccf4ebc76c2c8e90a9403b30ee388e4fd160082e49c59e3,2
582,a889f88f2cee785a8fa802cb95264e728c176475293cb947164f6300ea7b7215,2
583,a99c64e990d32d7edfffe74ae90c17b60b48a70c2752578f87c09d9085a73f6f,2
584,ac59d755789828b91b23ac31931b6dbbfd35265774eaa16917e9326d94aeb786,2
585,ad2fd8a962119bb64cfc6a2373b4b8237a151cdac040c25b3ed8ed7d9ad9d8b1,2
586,ad35b58e2ddceb66c7d5236d45c53df847af3c7d0cf02dc6cb902d895bf19e4d,2
587,ae379b6a70729a0adad40a4857c5728722017df2baa4b156630d28a26c172628,2
588,af8d6ffb1e2d89fcd36dc510cdbd46f64545b5d156e2d6b1eb142c28fa1192c2,2
589,afb929c884bed5f6163e46a717f7128eb36dafd5cd466d6a1a8e93e0e35e2c17,2
590,b0d0457c3f95487b2edd8e8097e8e954619445e86698cbf1dc672e231d82f7b8,2
591,b39b95e1654b878b8a5a1393ca63273ff540e5b7805bb779da4618e726407e02,2
592,b3fe98e62fba6af4b53a35d1a8953b0617f14efc506af2bcaaa59cf0df133d11,2
593,b54f9d48c206b2cfe6803e60a5335ae3ce40bfc96aed6bb877b9dfcc7922889a,2
594,b55e966491352a73fe19bea7a9528ce553df9352ac4a6059446aad6d6f3d950e,2
595,b5ad729a7993e04f038134fbd269f9567c1c7055a663af72e718b337eac97d21,2
596,b6f1c8b86157fff04ac85b221a3b527f8971ad4017950b18cbc6f357c4566b29,2
597,b707f87bb7727e48781cbc50c703c0b2e4dca0e8d6753733bc98d660577c3fb2,2
598,b783a2c57755c75df4bc384b0fd1f888be9551256e30a15facf9970881a4cce5,2
599,b8945eb6625288f6a5a903c774b6d992f0b3cbff5e10eb3975426e1faaa56981,2
600,b8fd5de27a51fcc0f4e234447a1ce68238f6bfa20387877f57a1b62d00570825,2
601,b92fc00c52a79498956ae9ccffec4c0ce63e71e53915764042f54085bfb6cea2,2
602,baf470b46fa6007578f917088e680164939de4e8b37ebae1b175dece0ae5f4a1,2
603,be83e5de360cd31d3ccb14f220a5b111270b2c3b4970d4328c878d423ff7ec85,2
604,bf4c67767276add535b46da6f246cc91921968b3625797ca109719ecfa9571eb,2
605,c397a567293e97fae8296ed124728455cc2a0ff12e039c32c640a391504b6cc4,2
606,c3f20d596def15eae8b7bfa9c80ee8a4d8a086c2ff6cd7a1c51d757b207f33d0,2
607,c4cdd7e918e50bcc7415cc23920b1e7ac6361aaf72976ffb19d512903581d88e,2
608,c6082bf7b4ce8f1b877b8593c2606f2b8764edac6a1c54d1705f772552c32f5b,2
609,c6c68b0fd0d91ac09b4d54081495e3a55d20808d2506fbd3cfa99ee0129dde5d,2
610,c73898ac113c6dc6732eda156db494e2dc4146cc3ecbc5d0ddff2eb15a967ef0,2
611,c9e74a98155cb2af67f9c71f374132fbdc361eb1b9a5a23daa011aefb398a0ae,2
612,cadbef53da06a1c8367f5548ec1e9e08b95f4796649dd2e23f9be96a6d33b5ed,2
613,caf99ef0f2449c0a3a7b8cb90c96ac42906cf3d0657415ec94555224fad76d04,2
614,cbdb4c25ec7fc32403ff525411778472e3e0c0fc0283490350430cfee81c7979,2
615,cbdbbafebdc174953f0f63a0e93455e8a14499d202395543b6c36dd36fd937d8,2
616,cc77d21e8d797ca19fe9f6ff2ce35e75ebd4a52cf6e2ab12bd96c25d619afd0f,2
617,cd4d0c77f6aac1cb001d91992121158a4930ca185700c1fd7ecc62b48a817f6b,2
618,cddc231780bb1be5c572032e61178744082f01f6eea4d39fca1e91f9cb12cddf,2
619,ce1429ee5eb02e507ed1e530636816f76b003799079797ea95a0e6bd901e624e,2
620,ce478cd1bd052c876aa30d6b836d9b7fe151c53b28b35aa8c853651732e39068,2
621,ce86ed7805506968b5ace9992c4c3c28fb092f4ad535241526c8845b9f5f3f6e,2
622,ce8e0eda8861d836205ffcdb5dc13d65be2a6625eb4759dca398414ee94ac2de,2
623,ce9af01244e870224d04f5de16a0176b9b2d61e61e201fec5040ccfb6a733fe3,2
624,cee9a0443e23e5554f997ece2c8b2d15908667a07b9bf46f91b11f98bf61db8e,2
625,cf2828002e1649f275ec04d54c758f9874e6f1d472d3be8ca008fe3f101d3f3d,2
626,cf68eb2d6442d264f25fdc4c6ac1256c6ff02e09e78f23c0bc5c743bea0151f0,2
627,d08f84741da3b2ad49245f26d7c4ef817ad614fa2f654d410d178c0899470e82,2
628,d1af0c58afe28442f898a4db4db60c73f2e592a62daf458f1360992b5190d54a,2
629,d464bc83a018e561f0fd6a23720d3731889e452f612acf44ee779ab43bef5b6e,2
630,d5dc172fb5023d39241cd96c679b0b66735777b5cd950253fb9ebf4e302630eb,2
631,d71fbfc7872fe5b39f96d121fef44c309250c8025320545ae6ee92eeab38aa8d,2
632,d7552f6298d92202ccebbd0103482ba36ccf826a9da3b7a5baabae9ebb08ef21,2
633,d939cd3bfac44755ffa76aef34812ba6e683df02092805bf77ed5c239aa6980c,2
634,d9604947bd9b3beb19b2dbf62c7864d66b8399bf3320d1875ca751293332cff9,2
635,d984538e61f0ac96150c16f0b410aa1a4f6d5c88905a5835ef30abdde6c822de,2
636,d9c4736313464965fd644cb74adc39f0b3bfda5f8a1d622023076bd7137d1796,2
637,db986aa3b6ff260cd8b48d3e7c71df7387780ec24e38ad313dc9923219e7da8b,2
638,dd188422bd2260cf1e1f4bad00cdaefe71da3081b26af8b784e2eb7ff8e05559,2
639,de337cd8afd0120b5cf00627f819c9c316606171f44248079b9d68cf807e4a32,2
640,defa00ca24e1105b9a19ad82029054febd3b3637a7140fcdf9994541bd948781,2
641,df407b31029479f3ca196c0c4e00bd24a3de1a34017d1bb6fa2da1fc756becc6,2
642,dfa991fc92ee483ba89e258b45d4368131adcbb33bdfb00aefc510c38d3d5847,2
643,dfa9b8020588a5c70fad9b4318ed3a156b645ed9becc86ff6132ca24eab12fbd,2
644,e09c3bf8734c187e1e01f329846dd3f066671b3dfc15ebfe70b8884d9e8e2e44,2
645,e152d01eead6dfa27ca672830debea0c08ba8d4db04ba78d0c520be5e993ad12,2
646,e3c8e7072469e8acb5ac3a1025974bcf4a708afaa6bb810fd86f1ae88381a370,2
647,e40255ca629b1ef6249db3ac2d7c5e6062497e7892638f4e6603ace2909adc47,2
648,e42c59d0db1448f442ef04b8c75468bc6bc55e1c67871edb7ac55e2ca846b87b,2
649,e48042a5613058106e84064cf128ae055c4028355d9627de429bf4b81d928c8f,2
650,e6fcba3eb574c8b91232271c5594a978bd0b6d9ce118a4d82b24731c6c2d7e1f,2
651,e782cbe9d518859bd399ea08ea3178248e5cfededa2f5c738268fb890afdf323,2
652,e7c9a5fd2808edc6537b5cb640b6f01f8363e1227e6c10a81dfa4ef628f10118,2
653,e7d8b04ebb1801372c7b42914aacbb7cc8d5e2d60ef007d5d4fa2f748b7656a8,2
654,e855e0830b1783571676c2da038f0ec697237f4b038f8af3575b24fb18d93cdf,2
655,e88a6a15b34a3e20c98ed0bc2ab5faaba4ddeec1733334fce8ad324d85bb514e,2
656,ea72972522f6a1d1d54992958587b95e603236d5866778615a0643484a6da174,2
657,ea76451aac9481d0105ca035b0e1f414481c464b05ac17551157895124f8ef2d,2
658,eabaa3890ce8253d4542a2df6c3889f972c494440ea88dc8dd89d2d7d22dc0eb,2
659,eacb8ae375a14796f4cfca2b7b0a1fba0a04abd656e3b8b831f6d3155ce4610f,2
660,eaf1f8d7f5bf78bbefe1100d912a09893361c57dda057f634adb5c5af6dfe79c,2
661,ec4977455b475bd066da3fe58f2ea262e6ebed1eb543198ccfc9248dae81cc67,2
662,ec5b54e3b2652570dc5d5f31911906195451ad760c096a787edad1b162abd3b9,2
663,ecc745f353939a2cbfb18bdb7b3d1ba248ca02c6c8634991c88e59d1783e57ac,2
664,ed53d90afe426d6a7c3705bca1e1f43334a89770ab95997b03547a8a1c4118ff,2
665,ed75f81c10174134022ffc534dd477a0911e1c9068af9ce516513abb29934ab2,2
666,eea54616b4549501c5d82f0ac35ed490e8a7f934a42e8a44f8700c89b7434635,2
667,f027d3da302be86a75e865eb14688db15d4a39b6102aa261a892869089ed1183,2
668,f038784ecb12c6ac558a6eccdd380acafb7a7be6ce41d35159086726835f5617,2
669,f3853deb7cbba315c507e823aa17c98a2a8e7338300059e8b7654101127985f7,2
670,f6acc6ff719bbb9b88a6cc4c5d8b2c757a80afaf09e660355d082e2bc3ee3729,2
671,f80611586982bbef7886759f2727fd58580fc91ee790bd74aff485ac07f9c91e,2
672,fa561a2d72da85a03604f31f77e61f1a464c25a7043e1ef7243a05769ab527ad,2
673,fdea6782038a46a9d44a54c7c785f2f02fe24189997a376dfe06a1fd544dd9ed,2
674,ff1604fd63272a79fe41dcb2f1756bdf1124ca9e89b6ddc5bb92e4b4755cd733,2
675,ffdd9d1af42cb42ec58477bec60a5ec257aa725a0df421d6992396c78d98bf18,2
676,0031add5550c1ceca68d352feaa318392f87507551ed1705dad0c060d0d091e6,1
677,0050e19b508912240279769a215dd1c9c1fa0687bbd3df1dc21807034424b755,1
678,005d4b15740d1c48537c5ec2156f075531f380006d4e18b4d23467c9389d9520,1
679,007caf24dcd7f96c5fd37de28f08f9979c0a795def1a8efefc8c7bc5c7b9d67d,1
680,00ef072af6417224360838dcc19fd513073c09624889387507da5e86e97edea3,1
681,011b4284cf63f31572c3d4a7d7cf25cf920c0253979a2d4d39c9ac240f846a83,1
682,01463e75ff44a5022ce4af68bc1739d880226b3b6082d4f93abb9d8a0497251e,1
683,018519809ff296fcba47dae46ea09252b360b96bc191391e3c943bf7a3874d5a,1
684,01b97b2c746a3693616ad5a913376e8649ee7fb4b277fa91a67f29b3fdeda36e,1
685,01c942c8dad5444e7a2a5bf61f5b05ee87ddaa0030fb3c1e3a8136f1120cf803,1
686,01f9c691b096403e5fb3dc78199ae02a98fb65c1a2952039ff21ba6b7fe77aaf,1
687,0208f95cc38eaf9020d853c75faf88c05e8c4363a46f92e115b44904bc073c47,1
688,021abf3e6820b62070b1699663d79252b7ab223be4dc8612676866929e901fa4,1
689,02319403e3c07a45b0139b196cd8d8229bb2617bc6069625bd0e63fbdecd9a86,1
690,026587be1b67a8d08f7c08f66625a45d494748ee5ace5edc933ef6d95d88bffd,1
691,0275523960aceae32b458b3878c4e7c9f684a1cffb73e153e40412b9003ab557,1
692,027ffcbfbdfe491cfeab68be143e47590b1b41a93c82697c0511516eeea61022,1
693,028840a0908480a1a42cf76fd0c562a7ba8003cdb7fbdbd43ef91b6dc68c435a,1
694,02a7556da4a341fc8dd502ff663ec4711d4e5193b1efa32b53c1bf1efae6a49a,1
695,02e2f7ac3bfcbf4070329ca1cdfd593691463a99c7aa3dfed9f016c1c3f30931,1
696,03016402031471bd63e2126a33875124bc00873df47f9e55ba2fa32a6327fceb,1
697,032fb69a8d2c7245534fc4cf5d8d413227518636eb7264c507c90d8c0946eb5d,1
698,0385400349f3d6067e549501e16dd86092049e46a3efac679765cdf2737922c8,1
699,03936108d2e3f57d8aa038aa7c75a8cc3ad12d092e29ed78d786cc1ee7b00319,1
700,03c07902e3e1f0e20aace3b5357a305cdf161a1902b7c60fb5f12c0d3db1c71e,1
701,03e9f9d14a22dd825198e38b33ba7d4b466d32882b7823b85c30bfca5bf43fe1,1
702,0412a7cf442da652369d6aab94301fc7da4b1f52a730a8af24d2f01119add3e1,1
703,0472c97bb97cb6d93f1317b068853a630d463a61ae3a0a2638091defdfe4c614,1
704,047913cad2698a1ec25d29697800d7552e3f549fd4868b6d7dcf8414f640e378,1
705,047d947f6ec8572a906f84090e1cd95e37fbc7dd27cae834de5fac1ff401db3c,1
706,04d1ed2a7c038903a629f9ee0f24a3ecdfbf8d37093580b2f2174961aa995ea5,1
707,04d42c8e409159c8e715841b0fdd8ed70aab9605980598f146c6569a1a103f20,1
708,04db0749fc710bf1c0145009665845424de89671e868a5d7b554e9640f7f384b,1
709,0500fe4a8b67a7034e691113ca9c2d1c8d24e1ab422e660fa2f88f303cf269d5,1
710,0536025d36994615d2d8ca7ef78a68d8a6410eddb3287f60da2e5c08dc93a65b,1
711,05b9e4ad04d5730fd38440bc1685b6dfe8f1d88b5cef3708ced2ddaa50e534ff,1
712,05c649ccc84ea134b22b39a71e6bae18fa7d743551875c6b71fbbb012feab471,1
713,05e2a7eb23bc32816463276f185e0f70f9c3d002e11f8f7fb468f19009544e8e,1
714,05f3dafb4c03cd2288bba5912df78c367ec9895265b3a3bdd9c5f5b58ba86b02,1
715,05fa3fb706a7848e611cbd90972f14ea47d58cef77cba6e85c4fc550cf723ae5,1
716,06049597f1934b45a7d5274772db58bd350130afc13cbd3c2c0672d12d69a741,1
717,0635a74c9575a68b2003aa10cf4a5b9f84d8827a8734cb6556f8da2cb376ddff,1
718,063c31682e13a089f562811569fa425a321d16c7fea4a4f795234f237e2bbcbe,1
719,0645362bbfe056a56877c97cff3efb50b0c4a962d7c8500b0d40b60493489a68,1
720,06840a8a463950c96c9be1df7eb2ecaa9094544632e120ae3b48fb55cd7bae8d,1
721,0684d1b9bfab6c4c579ef8a425af63687f843446533352c0f66ab3b5f3c4fccc,1
722,0750ed89eb1187149c1e618176b41733c25093992801fa61c34a7322914a6772,1
723,0790291535da75c85559ace5eaa34632bc00ae9cc512a9f9da5d0f46018c6039,1
724,0851db6a1f84e770675d62fa7ec8485f84c3c93dd5bc4e21d95778c78f533118,1
725,085203cc2e9d1144384d1cdc37406c5807ff2b28614766d2a3a969993a659a75,1
726,0885c30f8dc24eaaf1941ee1c8c3eebd2320306b0b87473444204080ab0846a7,1
727,088d1f0a7310e4f0d1e8d250083b569b6c62ddf437355927008e9a9b90471b9b,1
728,08d623264db041d67fa9460c188f095e4445fdd284a7a5df655e8a5444ef8186,1
729,08e7862e48d4320f3e1ec9fae90778692b3e5bc9323b4bacf9cf6eea6593ed42,1
730,09689d2e3e834a468a0080f098307ca6de343d5a0f2c98ba652cd9e306259b2c,1
731,09762a34911b6b87bf9b314f09e787a145612235f0ffc73eaeea4d16237f576d,1
732,0995a8b19348ba077a0fe4217e3649734ae51e8dd84ee0847f36023003bcc7fd,1
733,099d1b6de0175b223dd4b06aad4485fd023e735ca2d2114a9631a032ce297d7c,1
734,09bb1200518321eb9b457d4ca92e2cd60f11e052d06018c998ac2ad5ed2bf24e,1
735,09cd31854578a2d080f26f260e70c2b7acc4f41c4f744d524a2aa7dae00223be,1
736,0a283b6153e2e49d852d8ddd7691920d2b415f196b8302fcbcf7af54c0c352d4,1
737,0b6857af14e7dbb145372f9601ac4cd8432743a7fab9aa0b95f377685d47bd50,1
738,0b7ad146a2634e5c42b90cba2e13e9c2e02a12c162ab000e4fb1f5d9bed9605f,1
739,0b8d4e8ec034bbe7e38401be0db088e127c66d44ef0872e7474c7aa39df06ce9,1
740,0b9a94d8cf887b6cae4786d34851bd7159eec1469c9d94b21c2e7df08afd49db,1
741,0be757d5aac661cb1f18540ff6f66dbb3cdcf34ad78fa1a294365c673062f910,1
742,0c45e33d52babcf31ac959e19f65f25676bca07ba2444d37fe3162b9093f00a9,1
743,0c49b2ae49c386514575af00825ea6b32448e10f48b6d9f2bbf60c66aa222405,1
744,0c7e66cca9d0b04a93093035c568db04c29a7c5b1dc60f7c53e8a7ea76b73180,1
745,0c872aeb59d60ef4e954918c34ab25425305359bbfcd87f5691e988ca7209902,1
746,0c89ed8d79dfd63cd6b744a93f6bfd8faba495187001663ea29b5761d11b2b5b,1
747,0c96f44a6996c3f069dbcb11bbfbcc48169dc3825a6098410c9b49af7a79c5b9,1
748,0c9a221a44bfd74fee1ba6bf2ed5cf1a87546dadf42d13e253988ca4e6efaac0,1
749,0c9e7093289d809d5a61b0a2ad16181288199fac8132ecd313bf8b9e64fcc40b,1
750,0d079d8f1c10f048fa975fbe64ae907b116c2d88f4cf93c0c71fe680a115ebc8,1
751,0d2bf93178e0e9cd74ed8908fd11ea4da3869427eb842bd0e0437cb517ba1ccf,1
752,0d43edbe76d812ae2a26249d8d70c5ef3526d0cb386e5c1dca57a766eb3ca540,1
753,0d765bf03ee1b33a93fad91a0008b2563d2848c396b3b665a1e013b31d958bb9,1
754,0d8c162dacdf40f625a4f9694c45197ca869668139ed76d5990fbd5d0f8ceed6,1
755,0deaf4ab8774817ae3533c2aa5f725f1208af2a078c6f4a6a8040ff7a2a035fc,1
756,0df475b501b53f8fb9264986163bd382854753e883ea5d7d863a2419ac903151,1
757,0e2b8dc06b235ae00e2185bf74ebc38f7deac259eddff892d4125fe4370dbd49,1
758,0ec0ebbf2b0161beb370a2cb5ec2a7a609691453770b29aa4a2358630315be42,1
759,0edb92c9efb39e3899c632d7b768b0ba1e3778af271943616e165c4a014dd6c8,1
760,0f3c96734e3b3b02d8fa3a9fb871df1877592d7e905c1778da5d7307f7e2d477,1
761,0f8371adb839e7ebba3f811c475950948e25f59e7de35930ece30a84a602287a,1
762,0fbe529877b0bf2403c328cab6d83462d1a598394973ceb35c1dc7806f2040f5,1
763,0fd36de3e061f0ba7f7790cefbb130be5d3252e08e190cb01740df5413f43510,1
764,105482ce9a54b6506c68de1fcea7a27fe3d83037fe3d6fb72faea49b8e13bfe1,1
765,109113b433b60447613a96ebcc49a86ae04a1a473be709060533beed370434fe,1
766,10a1bed6d353179b053f244f1963330f8ac762be824e5ee949e73b310f1615f4,1
767,10b4dd65126ed771b63ef0b55ce0eb97522545e5e22c3944c19247e3158c2ae0,1
768,10c6cb2fa1af764ac8e6ffa7db607cfbf9f1c7d2f371bbdc76162b2fbdd557e7,1
769,10ca1407be614f2a04ffe236bb233d74939535df026af44d3021e969ee0c640c,1
770,10f9806775ba8d6c046814b5890af6d74286563598dbe0ba0ce17cc9c4897b5d,1
771,1143032ea0038400688e26047cdfdaf01adc090181ae8c9805e5826fd7ac630f,1
772,1195d9a8ef6e3e6d82bc94856b604937f7c67b0b3723fdb10e93a23d04ae1062,1
773,122c9173e4f3ea102491fe75a91010c31ce000b6a7443b4aa0124471bba75628,1
774,123cadd6928ec28e146c61aa4b3f2087883ed9fb333711522ea104af46b29be1,1
775,1245ee2f7cd83f9369a6d49b5bf35022d2741b637b7851a33541728b4662e659,1
776,1250092c99c61868ffda005fd606da17b7a2bba7bad30a9103b5f2087bcf4e9d,1
777,12664aae177c792d39b59dcabb893af18672df1eee0ead8a9fd5dee1f410fed0,1
778,128cf1c6d19793d5bee56e1b5382c586e8549aedabe70bc7404a7c23682e19d3,1
779,12d1aa263aa48b4a43428ecb067f69cf8cb7e7353c0f3db42c3c381a8d39a2e0,1
780,12de5a64cc3fa655be052794ea789eb1353b4b9eca27f57a8fe994545d223235,1
781,12e7e720e810c151a39187e12d507867278025c9a811f7232e1ec83ac16d65c5,1
782,12fc0b34dcc65c78ca1abffc3bc35302143fb2ea72243f628866b11a201286fe,1
783,13718e0d980d123eaa664357285b9022e1a2c486c780f0df5eb1c0d3bcc0349c,1
784,13a43dead4f55f20e7d9307c6c2bc53b94d7ec88b043261030892aedf7322294,1
785,13bdec7c3df72d8de817b8462615d53aa10ad40d911f7bd0be8c3a62b0b44101,1
786,13c9db1e4103844f96dc254e1ba5f20a846f12110486d1efbc592f1a23d2e35f,1
787,142f9c8f9b637916188938840753695aa83a44c233eb5901826d5c8894d38444,1
788,1492f094a28992e12796a11b93805d6f810fdbad469bd90badc41e270c158708,1
789,149f25f8305ea22aca571b9832ca5ed82b07991b98d5cd028c92b54a51759f12,1
790,14c69af934a7b02af443ed31b476d1a8fbd1a7b0220515caa79853b124aec57a,1
791,14cffd1b960f9f203cd3193c4adb2a04e371aa504135f725b0955c1db9af3f57,1
792,14edbd515a06b5b2aaa284142704e6931d5e7f2597f5dbcab21c4ff92f199129,1
793,1501e4683573af0afbc079cae84ee91f67bcb714e4c41d62c2c7989867f6283e,1
794,1569a21bdec2bc945385d5f61a12c4ff5ecfe7925d9f5e3ec00b672aeb1c1d29,1
795,1577ea453dc47d9b6b12244b31bc553dd8995a5fc6ccf8bfa91a7bff9d71d715,1
796,1577ebd53d462d39fcc4a3ae136b4f2ca2f53f9130a1b715d8e2dbcc638ce7b3,1
797,157e0454c7323afcc6d4fa61acb22ffbd94dec74993190202ade7b181883133a,1
798,157e57336ec87f9f746263022cafc4b988e9ebaf633e0d9724b5dc5e14d7c49b,1
799,15936be6dbcb999ad0183a694ae461a2a8e21ad83cc9de7341b882ea3dfacb23,1
800,1598975208d3f12b996513f6163c5ad9e3f75dd8afb2d2fd759256f5f6b382f2,1
801,15c8a8498d4ff099006b41342ca01430c589ffb99fb2a26b290b16d6a6516ffa,1
802,15e6b622f37f163a2c00c52991ede21992d0fcbdc9397b2af8f97fd2742332a8,1
803,15ef7499e064d630641e89957fd04788bd470efd15a46a70a94c3d17f52da395,1
804,166414b23fd66fd351902be7fbfedc925e169d7106873faf60f5bd22bca208bb,1
805,167237e86b7a374d7f574c516ee6599fca810185b1c923fc7024ef3dac616dc6,1
806,1692455d4da4736aceff5120ea6cb4ce1739aab25d4fe89322a6ace05ae3e62b,1
807,16a89f9e468903c0bc5c31ea3d70eaa1ba03b5fe857e4631f3d7e68d8dd76d73,1
808,16d92b4d1342e05f6d95570cfb16368598120ee02bf4b9a52dfe2cf248cf7602,1
809,1769fd1c40050ea10bd93a3f8598d646b11050b4b20ee6f86145952fe390e51f,1
810,179e42fb30da3f446edf34591a762f5b1167c3aeb314ea83dfd50879601b7bf6,1
811,186eb9b21d45196ee4a3e43255dd48281ed50da42139882ce836994f7d95600f,1
812,1920081c36c572431ad8a75ded8453c2105a12d7ed0125d1c791db90d8a0e1e6,1
813,193152968b2e868f209389193704687b0d3ccaf51dd5221ea0783294bf4b1c80,1
814,1966f3b90e587ea826620f25f3d71478370601fe484a964179773bd602c27a35,1
815,19734c704fd58084f50c185144ab3177dc17352b62a59b01ee192db1d2874d58,1
816,19de10d1be8d261475fa7a3459f2455d0878715266be75f10d49759fad369807,1
817,1a4a468af842371ca3f191e8d6e50b0a2871a39b28dff48672e1b31713f44033,1
818,1a52b65a6c415b953bcc1334cc18b36c8fef18c7ae9ee4d1d0ebda365eb753ef,1
819,1a5dc6cc46b298cada7f696e7fbd131f3602f3d9bac9c9e0c70d9050ad4b1276,1
820,1a7601528f08a22052d14c228f3b469d5b19f1126252676f83ee6e5cf7d53cde,1
821,1a87bd67dc3788f4b8c78712556691468b0053c58d088010fcb367a111b8bce8,1
822,1a88307083041fcb7c104d83395b61638f4261c328728c7f1bdb10aa78ce5f26,1
823,1a90354eecf6e63a7f04594bc0f12d6ec5e6f31ece72a07fabf0ca66738cbebb,1
824,1b0f5e4cd103b6dda4a65c21fa8ed905e30b33d70914f51218b6a3ee0114e9b9,1
825,1b19622d9605f590cec2ce26286f089cdffe93c2f3cdb275ef346e860b692c54,1
826,1b7aaf07344c494ff85faafa559e478e8b82898282b6385631c49ce0e7856e55,1
827,1b9596c19e15e161392a4c9ba82220b34a253f1f4a2a5653faee639f53fe10aa,1
828,1b9a52e86192da054846a195a8f90d7898ad5ff887170efecee8027ad4471db6,1
829,1ba7cd6c353e42265191c3caf974f42f73a0160052c2636d252bb7d25fe5fdac,1
830,1bbdcbb5ef5475a5e165fc912c1a154ecabb1dba07c60d9c7319497f71e11218,1
831,1c4d8416f0dfce7f81e021738f147bc4c8baa461c0bd3e252a31f8b2e5a5fdda,1
832,1c50769f99ef19d353e3b1b1ecae97fba575a3461f78e5eeafbd95a554f2fd7d,1
833,1c531ad685c22c1b8d6a0c429ee8b0bc944d10fed70a015439310f9fc6cad7d5,1
834,1c5334d233bb28f6326f2d26752a8e4e57837921f0490b293aa77439221d80b3,1
835,1c5839061af0e800eeafa4e6178f6fe730481691c1ae2e09d589a45a0b8e8a58,1
836,1c5bdd14f9a4be111fa15908d0f535067e0d9d8e2edcf26dcc515738d08e1383,1
837,1c81ed45ee40b3a1004695d5d83316b5dd4ad1667a26256f3ac7f9fa90564d31,1
838,1c9ef39c2d8fddfdaa68c68bb6e0e11862c157d12a4d66272561042359967823,1
839,1ca20ac13916c94674b305f89324555a87bd942a6e3034c76e86587d6a494582,1
840,1ce336cd8a6b78056678d4ef8daddc6f73f10d7a1b82a53339fe078139c1ba3f,1
841,1d05f4c97c5239aa102c2f12ed1d72c6a2fcaa39bd743cc8d0dc405b4556745e,1
842,1d10abe1e61be3dc580601a76932dabfe4ae1fe40203da6a036534a46662407e,1
843,1d734b0344f8031d0c277624fdebecd6907a12f52dcd9bf0d41d88d1c9a62820,1
844,1d8c1f413d44731d0f1f98c904b43ded1b7915ffc5e22d00bcdf61e1ecaca966,1
845,1da823353daa477153dfc33f019f4fb3dc0dedd1f7d3649991e78117ec72b47f,1
846,1dc5245abe57aba11c490dae7ff13e874036eb37d639821d9c411e0c245fd1d0,1
847,1dd761c7502975e92ea4da5c78962c0f1f95336927b0a22810c5c754d22d65ee,1
848,1dd79587826b48437695e9fa6c6f14e1d88cd81970d9ff6b8fe4a3a194c19bbc,1
849,1df1cd1711d3ddfb5a8654df4bfa733326688ee7b24e0523b330644afca27fee,1
850,1e275dd12db929e5514d29fd54c8fc92162adae9bb360d198108c1e70af717cc,1
851,1e58f2c040cef01e67b42303683ff9dce2cd4468712613881de78ddbd091d242,1
852,1e65830de67cd3eb652f9a0bc41ae8f120b91a1e0aa2312ceb1ed1f1acdc7696,1
853,1e7316eecd60b619ec159890d6c76c05e5aabc3f94a6bbd6aa175531398f1921,1
854,1eb7e0da7e53fd282f8c51f2735b292de0c022389e422584b08a738aadb073bb,1
855,1ec8043ac95cb28c87108154e3d84d7b7a110ffa4a53fcb8a4cc2923a6ad65e4,1
856,1ed51bb417240999207e86f388113fabeb0cb850eb3d50fd555a5cf068039c63,1
857,1ed82ab2172cad4a6c1234d48ca73279059e9d4306bea700533cfc2f36a35984,1
858,1f335b6b2b9bf28c4dbfc163695456d016999acda9379468601d845cb031960c,1
859,1f898eedb0bfc8cdddc8034bc414d82b54c0639245957b75fe68197ebc0d9cf4,1
860,1f94657663ec68e86263ca5a68888cade2237be2285d5b4a22cd8c18042387a4,1
861,1fa1e1dc71dfc7dc5de0700699fac809afe5272c7e4bbbe78c521831ba852913,1
862,1febabd913e86334a39d5c8c8f66868512cdfda17ddfe52770f2b3cd64ebf257,1
863,205654b1a010e1eb934aaca07ed6a0541e9eaaf9db32a23ed0197dd79ebea5d7,1
864,2068aaf7f3784e78dd571c7dc79d2f0a5dbcc0906736db545718bf01a61602ac,1
865,2081bf26efe2116d7a16e3d626f6a3e64480b68f96f365616c3856e8a7f40c86,1
866,20add78316e86e234ad9a8316e73a8ee5f16408b01bd2aee1db96ca01fca04bc,1
867,20b0e7c9db11b2cad5fc8c135b059934e280902ddf86f6881d156fc40342a5e9,1
868,20c32903ae5e45a56cd7e9c0e40bf30767883c885b4d52d7e2fa9bf880ddd817,1
869,20d2705e5f6b449d9b0e707f33b7284f211b86617f57a093ff9d1e20b3d929a0,1
870,20f4fb9c39fe66e86a9f1ac6e3163725a1cf2f9a52bbf06922c5fcc5a8c7fdf9,1
871,2116e03215d57bf1826f9b9a1684bbe5da6319ae1e77c4ecb0ce81c4632aeede,1
872,211afacee55b2d2916c79e7cca856c3e245670b85e4801a7f40c678b7b8c2019,1
873,21391964349cea97b1532c88a617214468d548548190a9dac537e3b5bcb4b571,1
874,21477825305d5acf0bf09be67b3978a0c853af32977d562fe398a8df2e595bb8,1
875,2185498049aa68fb99db935ae2e12ffb2410048db34a3bbedd7f1f6066f3d9cf,1
876,2188c55fd8776f8e5f59274f6c7876ade58f728ef76cc6882f86e5267f626986,1
877,21a71d122c7b1ac889e12569fa55cb95896cb9e08db14adf88d39175a648018e,1
878,21d07c3ab0882bd4195e6951049439673c04b3312874a72509ac553109274b6c,1
879,21db427a3509cbf2c4ded4486fa531cb7ccd00fe3b43ec33bdb3038fa7ae07fc,1
880,21e3829be6f7cf88bbee47b3b64f492be010b7345e877b8cd42afdb1e8bb8cdf,1
881,221648fb6378436e157af0ccc9bea55aa141eb2d6a988370494ebe6ad950c922,1
882,221d6155b18190d11159eebbf56c2a19d3fca086cb647ce3cd68ac27e29517ce,1
883,223b578e942cba71b3f2994f2f5dadc8c710d60e7b53ae93036a691ef7fefe54,1
884,2242e3ea1fa3b1ac09d405ca73e330a253ef92c168afd7fd1cad6dcb945a5f6a,1
885,225a7b4fc2dd37dfb62bd8acfa86a735b1f1090ea91906bfb852d23330da7146,1
886,226b2fee4a599b846d40883c3b8955681e20297000dbb26092ae24ace5216324,1
887,2289dbe0cdf3e849fc355f5b1045f492cd85f65516f75db9cec7c9eac36984d5,1
888,2292797ceed3161c19ab72cf8b06938d655bb985860d67ab9c9b69e72fbf4466,1
889,229b882232817aa9b8ded175edd52c85989350c5590f073db485ed3855f9a28e,1
890,22d438b08ad09db3da87a588aa5db4930e8c97971dc2ac54598d34680fdb04af,1
891,22d4aa4c2246aed797d92b1dc839afe1b9c57b1c431b94c2b2e7c4fa22497d06,1
892,2338e178c60530c069b3483e277f42090b4c851ccef8d511a1c9873e8adc81f6,1
893,234376549af34eba3d3e7733fa0351333d02e552fda6150a6079fba2b8a9493c,1
894,2348d25a3709e79dc7282aab4f907016a7b94cca7e15ac2742022ee7a2e178d4,1
895,240db1f79eff5eff1164254a1fb4cea5e3c68c5be0ef7203e7979399e4a746cc,1
896,241c63ca8bc152eebff501efc4e36047d7373c116754ac6cd19e71dcdb78902f,1
897,242e3e6e5e7792f3f3387696bc57c6ecff4ba2de32407cb29e413faa2df76e05,1
898,2437960121363d116ade479ad1bead0e36843684190f9339f3712996e44b8f65,1
899,245e1dbc0c81b9a71fe16450e24b10cf2f94bc7b06355ff8472ef8dc4fa5514c,1
900,246f64bd942229d82f0d2c47db2f8fdf9e59db8a9fd446c7daa0b4b6c162880d,1
901,249ef8e7a20e6da20f67581bf7727cc0766c79db61ffa95bff4a6385f6c2c596,1
902,24e1c7591a6f72236e8313d325f25ff1bf1b80f8c535639cb0257b89008a1f28,1
903,24ecf5966fe41b554a8cd85d84b10cef8c5bca0302eecaea4a71d0ec83efbc14,1
904,250fe44fce5176b971e3128b2fb754f2c69612e22db706f296f68727c0b190b5,1
905,251633999b810fcc4cf6f1d3b499bbf616a293fbc084f6f0b4781840ffc45ba2,1
906,251b290706226515a9a22b1943d5ea65879fe5e6392ad4d1b271b5406c089014,1
907,253ba48486a5f971c88dabea8279bf652fbf1e57645d640d2a84b23239c4bc61,1
908,25dd902a5b817d655229dfbbb3646b7b9cf8ac7e525ba9275b0c13f037c8f414,1
909,25eaf7ff210058de7742e6597814749138b22d5e639c47337c883b55e0ac5690,1
910,265357e2a252e07a3b7ac76bc7c65f780c7c493e11c3e7bb7ba1a0f3b78790fb,1
911,2682f7be77d875fbddecfc4a9a508fede41664cdd5704c01f52bc998df9acff0,1
912,2694016f69f0ad3cfb635c8ab4a847d55521747ee202d63908e4368946067ff7,1
913,2697fd1ed5423d05c7a20106babbd5310ba8f377c3f4be5dc81121c27f9063de,1
914,26ef18f1c0b7af38421236183edf981ee5f0820d00c63f490b657889b905f30d,1
915,27434c24ae2fa899449ab13fed8a15d535a4eddcba24e7132ddaae4e2715fb19,1
916,274e65b9e1c495ae951876a93902e887292daf7a425caa019892666421c8b521,1
917,27679561e8f1a6c6df734b1d324cada8a8cfc7c518fd784211662031421b85ac,1
918,280de6f905641eff8bb147038ceb1945f21e62c34d105ceab98370ff73cf487c,1
919,2821e3f3cdb89f8de6610c17ba73c6fc51d8ca43bde0df48f56653b50d9313c8,1
920,286fc29fec650e63516b1c008f3aa2f9109cb7a61d1d0731c7bc3ab3cc69d580,1
921,295162edfacdfbfb8cad2067dbb1015a65d077cd59024184f14a248ef3325234,1
922,29781c7758ce227dd78261f64419e471b0b4ab234e46188f4c0840dc39b06783,1
923,29fa1a00a6122bff3225022f0a2d9b9398f23f326c9f2dd11a0ed4d2490f20fc,1
924,29fb700a4c85945886778a83ea97d98268cd1d328e0e76917f60711ee8a48142,1
925,2a47b6879c1f6057e469091277479235c9d0c9a779a759638dbaab9a3a4cb4f0,1
926,2a52af62bec8e6ee57d0266e6ce76723f819d7b461f67c00efcd08755be31d3a,1
927,2ae39ec59521087d4078111cf462bccebda19b4c47c4e5d221c10b8d946c9621,1
928,2af210ebdc5e49e9db4f11ea4c0865b5c8117870dd4d663216e41efb88e9c9e8,1
929,2b05aabae663bc07c465b96c7a46e54131f8b281d05a25ed43214641fb1ac78a,1
930,2b1745346e4e3030ccc30499c60342713dc90fd99785ef42175f42d77a16dbab,1
931,2b18af7b3232cf8c1c0c3b715da70796299c296ffb74385fe4edf49ca4f35097,1
932,2b1f9a52d50ea2a523455ebaa8cbf684c5bf176c48750a6d7cbf6b0243b3e8c5,1
933,2b5ec25aef1c1d5d018444cdfb4b3a6840e50f6025aafd0c35a4a0cf2b0f17ce,1
934,2b867289eb444938d1e2d99f2b18cec89fa5cfeffaf237dd481c63a3b24d888c,1
935,2b9075c8ffa116e5cf407a0321d949ce03753d22e5272a8eb79f8d8dbe7b6ef1,1
936,2bb096e4d9e0e6f4fd11e0b76403a50033130aeeedff2153729826c511bdc203,1
937,2bda79eec8258a412ca7d50161f3ff987921ec07e27f8ed16974e27655d9d495,1
938,2bf256c520727817354dc26d2670f043901130e36ff8542794bc91c6aca83623,1
939,2bf360c7ad1545b009fd9128f1b9451d9f1dc4ed24b0ac5fa831b2a2d3fd9b37,1
940,2c55214f8880bbe12e955bf378b8194349a4b594793450e011c6a750c54ce311,1
941,2c6836f9b33df86f978fee71e6645c61982ebae21637e087df21dd15098f674f,1
942,2c7b2ed4c9e8f924a676d4ca40a33266b3e103855b68ae0f82df581d86f80edc,1
943,2c854f273aa354279f3f1288ee26e3e8704ac0ca610bda9cb2d0cb25906493d5,1
944,2caac3235ede1ab1c6e12cc4c60683682c99ef2dbdd98c805a0b382257e0b3b0,1
945,2cdb097ffa01aa51e40eafea29d55bad784113424b6df062bf10afba3ee8a11d,1
946,2d0a655e2a1a0c213b2f55b059e708be7f0b12f3055d052c67f4c9ee0cbae572,1
947,2d2ee7a106a6efae7319563e156266b584d50b1b25511b48d8818adf263da48f,1
948,2d4b9caf1fda8742375b089f2901e2d82ef69a535538d9cbe5c0eef33b7e80b5,1
949,2d4be95b31692d1dd518724b51025b36401456028814000b0d270ec433113af7,1
950,2dae8963b7ad44bc235eaba59a38ca3961773091b0b578006e23609dd9a78fd3,1
951,2de5f3f8635d79027837dd35a71bdbbf7affbd92fc311789f556855508eeb3af,1
952,2dff075132a2e11861f5f8011ab12ba7b0bc485237efa3fd2b48504a53d6deed,1
953,2e137ea1cc998b48e7a0a9852882b2344a1e3f1d7f89c3f32c0a4313d25cfa57,1
954,2e23dd459851abe80d9de72af8a0ff6726b3b098f88ea4a1a927321ded289b83,1
955,2e6727e95964fb24838bcf1b32c734de66ac7c77da7cab8bd09888e34700c6a8,1
956,2e91b73cc16261540b4146831432901027831261d37d8b4c9e4ab62372e2d1d6,1
957,2ea25057732aa1f9986fae8911bbe8b83192454d0e37e6ef698ab312e4d4a6e2,1
958,2ecf7b90e70340d87e549a76fce4c9351c922a5b23ec842a227609207a75a094,1
959,2ede5bc00f1ce5b06b6f9f9a70071d618cc07a64527f4daa5ec49d35c1cc6ff9,1
960,2f45c0c243798fb87117a2b132c8ac1393e35ac2f2f31d2dc55fce4bbefab7a7,1
961,2f700dcad72b2849ebccc8128c8d42f166dceaa40f6af3e0666b87d6c817fc2f,1
962,2f7b1972c154f717ccff2a62645ca24a06d3860d0b586e47e9a7b2a12ab84d89,1
963,2f95a0bbd47a4b9eac9a3ac83f6e00729622e229eb11eab76d036c4b30a258de,1
964,2fbe03c2c97d574487cd3cbccbb1250492a91f835d625c598364dac3e630370b,1
965,2fd5ac7b2dbd46a249b23a2d4525527973d2dcdbc74d8958e74b2b7835da9eda,1
966,303a28e604ffec99607f6f3916767d96a3e8b718c73cec30137881d3e7065f89,1
967,305ea063a0be2a416ae5e189f08886d3ffb1c35ec5e1efcc461e545e5fd27a78,1
968,30611f28ef8bd9ac9ac02710e569c76688f045097d204d5ebbcb4c3fa3d0a118,1
969,3071a3ffec5dd95e7e569f0e1f684269d9903c8d93a8b673a8f6e5a3599b15dd,1
970,30a41abdc241bf642d705425597989f10f67b56f34e3a15bed7290a9b4ff44ea,1
971,30cb915d06cd67f21b95d2934c8c54b991ed477d7cd67a76e887b4b82fc06a4c,1
972,30cda22ca161c024096625f38d5d1078ee3a2bac1b5b2fc96d2feff11b8848e5,1
973,312662687a4db66184a6c79b44e4e68293a29c354a492ad627fa4756287b288b,1
974,314d7e5d81dea8ff1770e3030f2a77e413b168638c87b5d56843240214d3aae8,1
975,318b16ceee040c6e43abf9479806e183d930117bc13fecf5c9bacef8aabaf376,1
976,319b00a9a0b38fdcd62fe85a55e83d54c49e2a2ab53a9f20378a59253d14b6bf,1
977,319e3d1942458f6bae7bcc5e9de66ce6904166ed4d25de281dba343a38db0848,1
978,31bffb97f66db51b66174e05abaa37ccfc721ffc97ea9d13a5d15a7c6b4db48a,1
979,323f7c2457ae403614174a7d5ba172df70a532e20962f6800cb2043defc43248,1
980,3256b443cd3f41daa42ca9ea2ff8272a43edfbd837030fa90908ba38f7fc652f,1
981,325f9eeb3adbe732d9c72707e2e2403107dfa48963cb97c25bc8cb55e3a90192,1
982,3285d55e3203a02e2862e20010e8c90736e2a40e9beab4d82efcefbcf7c671ce,1
983,32a582da7115ea34e62d67f2292191a0046dad18afca84ec694d203128aad0ee,1
984,32d645ac30bd334b5d973b0c15c526ca8e6b674cca92094c60f24906209d4efd,1
985,330c17b3f3fef32f868c8fa34f93d07783173da36e788ee672b713c05347fbcc,1
986,330d2196a75436fcd3b177cd82ac3b44395db1b025bf637c8ba73c770de4c854,1
987,3327e7ca4675d1dceb2020ac85dd70e28f55a15a00542b6ca518fa04ca20fb61,1
988,3394607cff611f21e310a0ee68be49e4e8950d2fbe7d924be9d73c29768c8e9f,1
989,3397bc2a1b5eded940c4528482cdbc1a6de01c1e483e223dcdab947fcd6906d3,1
990,33cde06c96d86adde6f154f64cbb62ff1f6d2e9b9f54b3a16154178c3f486bd7,1
991,33f06fda101c84168f5fc7a806229fefc6eb9467fa28213f3ec12c2c09ccecca,1
992,340ea4e7f32a9a2cd028ea1999fe48328de10410f4d752b921c298702cc6c568,1
993,342b34e9cd72ce2a7a180046f9abcf3731f021cfcaacccbb89d91152f6752e35,1
994,3460888dc301cdf43846bee0aa601d25cacd6368c763ff566b1f135f4a586895,1
995,347aa47a9be3e18a4eb54a85c67d5630c8b3eb2744b1a71da3cccfbdd9bd7425,1
996,34cfd7550852d5b4381414e2fb1cf49c5c6914393ce1ba108d248a74d927f6b6,1
997,34fb77478085b5081220bea660c393a8059ec2e4110c304157acd17707961fb6,1
998,350d8f26a4d04f353d589b47933b3e5b52e32cbd905829f45a0aa40db6c016a6,1
999,3563cee9fa3a77c665c485067652e19abec78b1bc32c3ac028c08265e5f7f5f0,1
1000,35ae9e3e9bc281f3dc7aa83a985220b616bf0646f556bc714d173352398e4aef,1
1001,35cab0919273cccf0fdf9abbb870c44ad36f3ec658bef1b32f2aa560d76081fa,1
1002,35e46350c91091f54a0c665ef16071f60ba684ef69de3ef568fdc80c7db25971,1
1003,362bf24a4d98b09f4c1d82ba1f99805f36257bdb1c31377f2a06d55666287650,1
1004,366ead555000a1b297d2c4c3ae2944eedcdf94cff2bc1ae2960af6a50bd3a882,1
1005,369e666da23bcefd0224c3be33b2831a3da2ef56071558aa91dfc5622f6c9dcf,1
1006,369fe47ab735908ca9a346bbbc75c388d372f1cb27cf1497e3361fa6ed6102b4,1
1007,36e8f9168839f12be788101446b3f3ef1fdad35021d7a4fad6013bf34de3444f,1
1008,37036ec71306a6fe16b077868f5255d6f8e01fc5c4fbb36732abd693793ca62d,1
1009,3780bc014401602b5c8623ac1649809b37614051d8c1c5f24cf43a001031b9d8,1
1010,3787d53d73e6d5ef1df2f13215ffd5b078630cbbe9c14378e08f47f29b5f3520,1
1011,37ba202134cb952d085ea11939fe6aa5d6ca1ab68464cf14df5e8ac07a2916b5,1
1012,37bb29ff93f6ded72eff87fc9e093885328cae445c6ddd8a8b9bd27c97761efa,1
1013,37f99b4b76518a083bfad839186463650e07125c94a0a6754dfb433b5a94a0b4,1
1014,380ac5296d1e1f8f9d07c7007932ff9893527fb6056d562109cd044f3a896262,1
1015,3821db7a8c9579e86b23d6cbe3bc6a19a871ef336b43fcda1410e6900bc25c40,1
1016,3852b972be351a055220a3c7053360744fdeec03077f1df61b6a4a3551a43c0c,1
1017,3890f3db01a1a3acd8bb0a4261221481285ede56555ab05fdb4ead30379a4034,1
1018,38910a46a29a32677f3662fad63431faae61fb4f3ba364181e4a510aac06ac97,1
1019,389ee4889834325a99cfe4242a7647e35326143d5f8f070133b512bd2f6c5822,1
1020,38a3eb36ad20c41c8177d796a7e6d9faa61f0b1b2bead0671a5defdcdd8a46ee,1
1021,38cdec98e1031a79b4352e8d097d85ec61c00df75972a80906e1e7b099b64782,1
1022,38e759d6e7f48f355bf3f3cc63e7a6f7ed9dd25be70e1cf2a7edfe29d7d1d245,1
1023,393e19b3d75f38d7067877030aa6c260725dd7938ab39c9a0818f423c50b7021,1
1024,395066c734d197dce7963571e280cd0d46bbe0e2783f12232351cd008bef36de,1
1025,395656175a444f81265f13e1bcf9ef7234f5144c66e3e1ace313f0d0dd54ca6a,1
1026,39a246662c25c19527a0b96ae4c383406d28bb2f47fcdb4ffbc284133bd490b1,1
1027,3a2af5419c54e09451cceb7a81df7273ba6c2f0f2f1eec2a0f9feaa460e89557,1
1028,3a37a8c959bc774cfef26b296edbed5c639dcc58a0bc99a4a0498c939ce5a605,1
1029,3a4d1ac074cf33ea546db43f28f69e21b5d387d8c47dc1b38fc7aa41b185b105,1
1030,3a815aa38ac3c17fdec845cd9d17a82a85f4aab4c6ccec65166b82436643dcb8,1
1031,3a9c6e22a464170e9f721fdbb45fba99a416e66b899118f1d3d09d47cd1e7dff,1
1032,3aa03a79f1ea36890d5ea009de2c36a4ea264e2182a1f31a672d49f966b5222b,1
1033,3aea9b7b911f1b92ed24f29543e43538befcaa1b76ef1de0b6191c3c03fdf89a,1
1034,3af736c4459b8a1e9092654f0cfdfb28b149ac9191fbd815c3660dad2dc9f1f8,1
1035,3afe49c0ede304a088b8b93dea709f5af04fe671ae8594ad84508689c21370ec,1
1036,3b4046cd0d3d0c719c1957971604f267a12e9b08fae3dfd14457eadc8cb721f9,1
1037,3bab9ce6080a15e3e56a00241dcebb7a255d7fdc487e0f4d0df2b9a6fd909448,1
1038,3bf0e80dcd1902e81457698c50da0a2242d8a2ce04b449ab69fbc9484499b84c,1
1039,3c141c7a4194c219cf49e7bd2dc87dde1a3e8df9a8b887b1c5c6563bf8be820a,1
1040,3c3cb47d742aa453652ac8fbef1344f33a6bd04cb4f056b01aeabcd8e9f9a5e2,1
1041,3c63b440057d073958ce71b4d3cc6aa506e5eb2f16d432fa69ec13c444919973,1
1042,3c76692cd76785b092ad479963ab57ead46631f97f635622fa02676a44d5880a,1
1043,3c77f17544fa9b3f8b9832c7fcff335b9430b13120082cf3c634f8d671ccaa94,1
1044,3c983ca799d17666760b00e9030bb08f20c9952c9886cf77b055b5922d667ba4,1
1045,3cbc63762d9ec7e9559eee68dc29dd3a388403c2cd97a7c0298657bfad52f6a2,1
1046,3d10def69b29edad3cd9636ebc47d1cb6994374b987e2954bd6050cbeb1d1e00,1
1047,3d3e4317b0f5f86c9573ee881017e237d9c104754af28039ee1119706743f994,1
1048,3d89e5cd793b5f2ab21b4754ea1f135ced19dc34c14ebabf0eb77554af882f5a,1
1049,3dcc83d28aeb05f0cfa609f678498da8c37d1884e25549c7d51fefa4dde01cdd,1
1050,3dd1c6542556eff1e25b055151e32e409c3cab555db9d4f23628d6296bc562a7,1
1051,3e127e10b10d5e9ce4f76563e76460706e62288bdf66b6fbef6e3b3fb8516a87,1
1052,3e12dee9f2e5002005e6b3d51335af98901a44cd58ec7dc348711ca917cf2278,1
1053,3e2847b991e8e8da985ddcb659c094c896296e8fcda78b7031677f9b1598ab76,1
1054,3e3c64ff03ac16089fb570c3ed6e03d1842d2ce1c97b80c8176eb8d5c62db107,1
1055,3e8203d40ca7473fe311940f7852914a915c3f3bc38cd683ca5be2ad863d48dd,1
1056,3eb12843818f89e8f8be75f334ececc690660e12adbe58fee161d14599cd985b,1
1057,3edd0c1b08ea8870a49e6c24dab2db744601a3ad2cd8a4b16604d0460f9cb4ec,1
1058,3eded08d1a4bae2b7c22c4ad4c73ccd763c2ceb72ff71a3f473f43ec4f9cfccc,1
1059,3ee3cbc1a812e6680fcbffe3b08a3623b97132394726d2b75e0b8950d8c1b294,1
1060,3f1278c8740651d2759f2638d3301c245c5e5f6e0bb094a01d33641a2488b5df,1
1061,3f2180f48c939f7b2dd043db20c7bd725d9570fc44d35f4296eb343ebd6155b6,1
1062,3f2cf29f25819016f9a2e5fe4c9b54de1ee100c6d903b8d50067855d12316bad,1
1063,3f40a71ca1f17a58e37ed1092873437692fdeba75adf4bec6aa9ca18d3064676,1
1064,3f8ff5f0227d4fce709f1d76207b0e12c6810ae80ac416b713813a0ce600da47,1
1065,3fc70d5000b6bd3814ba7dddef81c4dd49c8d44a8c51cbfefa1bad1d65efa775,1
1066,3ff056decab29634d525de8cca5714f0d5308fcd5cd1295d9ee88c4607e398fd,1
1067,3ff16d4697cbe5fb37418f14ce36e8b74ec5d583f8b059cb07aed34f0cf57b3d,1
1068,3ffbc88dc5628dae1dd297299995bf594c2b840d41bb7f5f09540cff93f8dc98,1
1069,401c1e8c239a90eb507f140e5014ee2d607fa0f1be8cbd2cee102119dd6b9874,1
1070,402dea5b214ac7e757378827b44db146fb452ec4ee329bdf33c3090f2efa0292,1
1071,403d4f5d3686924ec04c864d5a8e51f1be55c5a7f0728d9c34c894d919268f53,1
1072,4070a7c4d3ecbeb3a03d2037eceb69f1fdd919645aaf328d7985cdd23133d7b2,1
1073,408805841ef75b6a9da11219652d9ca5b1a6761c82a4ffa845bd1e9c7df42ab5,1
1074,409a505d8f53db3f3e2239b8b3c8b2fd4cea1c3c316702327e06bbd61abe1235,1
1075,40ad54f72a44981d2e2e9c86535df75b852757338f3f1249d974ba7270c40031,1
1076,40e13b2589f52e2875a5fb8f2f239ad3b0f293fb76c704378984c62842e7021a,1
1077,40e4a65924a1b83a05bab80b0f550f802600288278bacdea77e03dc277b230b2,1
1078,4105ce0c0eed387cfae2969806b360f49cbf5f3b7014b2ea4c6d0dc5a5586ccf,1
1079,4115cb422ee57da21b5c9e0ee88705e471d29f9dfceb3aa8d0851c8ad01fc208,1
1080,411ea7ff646b218102fc233da48b72f74bbc32ca7761cf28bbb2006824bcff61,1
1081,414bae706bb86037e1f65a34b8aa0b7e84aa4d8ed6f12416224641a9dd60727e,1
1082,419283d5affe5028045c703ba56db32dfd74469e3686ddf58986b2c917105946,1
1083,41b62501e634099d856992d4cdac6894b0f23629196cb0a5a2a421b38220c2ed,1
1084,426cf1f7c2a3a55b424ad2aa4938f076a250e8ca232af22dfa9012f206bbdad9,1
1085,42773fb675a6ef2dcdc9e1fa9a25dd01c9c340bc513a289f3da14832e5b3032f,1
1086,42d498288ade9381d76914f7bfe0906646b3743b1efe09641895917b0d320e92,1
1087,42ddf3b127f8c05990099c30a379090148a0d8d80557616d7cdb2038483aa637,1
1088,42e5ee12c1203232498a149fbfad89a89bd56539cfd24c9f2490d1256175cefd,1
1089,42f2e105bdf14dad952aef4adf6793318a891b327b7ccd466b53d05d561ad2d1,1
1090,4330e30b26a3f6dd0561eb2a095084ee3bd398266e8816644c3168bf6fbb83e1,1
1091,4345ca3a87a216ddb70967f0ecc228d1b58e05ab6cabc1bf39df8969006fe4f8,1
1092,43470376fccba9146047009b210ec919a139137427be285023fe84c1305a9caf,1
1093,436cb1d87fb4669fc2aa3ee995cd56013b881b3b14fc829b19287911a8095c85,1
1094,43b727e670cfadc377cdbf8d98ed4404d6dab0a0cca8b55cc56f8a0102cdfe6f,1
1095,440f33af57ef4968827381e3812aaa0402b404b62f405d38b3debcba17ddb31b,1
1096,44239bbd8e6e242ec0c1a6d41269836b0ffdf01c77de5380f806fcf20349eeb7,1
1097,442777d4c39e9a6dbbe9649e95db62fe70d03c3eb327554ad8189d045c82c397,1
1098,442a0fbb180e921c222c126c84443eccf7b9a646c11b5918310ad0af751d629e,1
1099,443188ce2369a3007bb4222fc6e9280d99c301d8915d3edf223a7af21247795c,1
1100,44f7e36531549bad4fa76ccd3bbac9a9c5861e10b578a30302d9334b19c961f7,1
1101,4501ef0818084be8a50229c7ff2ce8fb3835d5f33a5b054c8c45cf9e4b88aefb,1
1102,451805cfe70c4fc7a9a3da2e54881ed43f9c6502f5dee58898571c719242de46,1
1103,4521bb97aa15a2494ae6c305613d71a198f4cd9bae5feba763b13f8871e8bac2,1
1104,4566628e07cc3c005963fbd4aa76d8ee0edd8ea3eb3c71b8999e69750e9e0768,1
1105,4579451e13e3e0aa31bdf27bf0e90216cd0eef0f2e7c92804753f8c860ad0551,1
1106,45916ff8dfc398c2547ae10b1cff5c71200eba41100cc10ef877d61642b7dab4,1
1107,45984c8d3cff650209b5e25c4dd2359d005ac195695eea4112b4854bc4857011,1
1108,45baebb4e40eae9892626ea6c0d2ffe3d2e308304f034bf25439b72302dca8bd,1
1109,45f7bacd3820b1a060a74c5424e4428ea92d50e2b773eeddbd3173b9d84f234b,1
1110,45fd468a6d27d28494ae2ea453c201ba15727ed96f6b700964fae5fa1c5d736d,1
1111,4635379ac44d40acfd4508c7d6a81c94650d6c7fc70d038e0d2a7540a66e3933,1
1112,46358716853b6c2e29ae178e9f8fb91b51f918e5fe9160ddc0a11372ac1f5f9e,1
1113,46c594db848874539a86e52b3acd50be18b4ae3f55da1896d1baf68878feeeec,1
1114,46c5992b0db5865492adcb8b596159eaef9d81f90708577631e3fc7802ad05f1,1
1115,46db890815b60213213ec98952dd7cb380a84861be0a7c6858fa550b6987f2d6,1
1116,46de25434f11e142077609fbc29d0657535489b55ac8d4a48390a8c9e0a25f97,1
1117,46f309a93be4a3682ac4f7c25cd8e8ff9518f7a41492ae365a0d6488c0796866,1
1118,47083a252f044a26a0b5f8292b33666fffd0e3864eecd1e404e149ee4e265bce,1
1119,471783420d676cf82b1d7a3c1104c1994b3de7045686dd4ddaaba6f4ec8b4e8e,1
1120,4726447407d399fe8441ec332f0204405e2dda99ced0ae692bc0dafa3a9e8b44,1
1121,474a8dfb364665b19343b2315f8d7bd8a9c3d9901b9c2ae016259a78d6e7ec38,1
1122,4751abab8eb3f21935598656f4f71406eb3cf26cc72d35011c0df05d78d5c426,1
1123,4766c90fa4d3bdb58c2a72b07405ac85512d75c46e8e76ee6d64584abeb871c4,1
1124,479151959a616c8c990b5fd64855f492bb04895a0397132b888dac8971a52058,1
1125,4793eeb45275b4aa27695a9c30307e90aa3bef555ada0122e2f27289aca18159,1
1126,47bef1a44677999bf56dff97ec0db5c0d88b5c0b6791e861b08a78747e0eebb5,1
1127,47e2f45c9e848d403740ac147c0dac00d6421365123ca6b63d8bc8e996bbf3c8,1
1128,47f75486902bf5bb17f1016c598e8f46f0584c6de17b32f5378de02f18064583,1
1129,4823e2e6c4585e19ee518cc2705d87b725f56ed7338bcd72ee5d2099562389a6,1
1130,485de960be17c92eed1528e5cbaeef2fcacb53f8fb06749f0e68a521bf8229f0,1
1131,485feefd157395fa79b31b1c5c0c4cc182a1b065312abf8d4322bd946d69f1e8,1
1132,48a54d30bd86d8995349626424b78d82bb8c2cdbc86bb379edb0850e45161d30,1
1133,48dd30cc5cfe07144f54f0f71cb71639702eb191f1d8f176a173979d25627dbe,1
1134,4912168532f2c048c5207316209227687c932c5e973ffc83d67b095dba9be5b9,1
1135,493313f17e64abbdeec82ba4d4ff0c68ec2aa0aebb64da7dfb1cb91891e25f8c,1
1136,493aa8c6c13b9a5240b322d9a3373741ad593ef33626e40379358111935af3b5,1
1137,494f36ff717e9073fdae19ea0fd2f61583b14fa44bb3a1e6e47fc1416ed65f46,1
1138,49a7f8cdaa36cee2060231fc8f5de3d14fb3f2f00637104a33588ded00131c85,1
1139,49ccc5d400dd7ff38b4a8fcdacd1ce66ab830e434f6dd73cb44b433ac2ef53a6,1
1140,49ead6c420411b0e997b05b2908333d29f9a8fe7a2bc0cfc31c101bdb6e04c50,1
1141,49faa0f47d4158fb4d6855996bb6296eec2b5526e7c95f430433c754b3f823a7,1
1142,4a2cc6e7dbacc690020450c03ca76cc98167857c799ead903c109b0c0df7252e,1
1143,4a45c04d211cbcae7ff05f087dc7a5254f6bb5c365f767fe0d6db2abf9cf526f,1
1144,4a619c6f5843477224351e0f3faf52e144c95256b00b17bd8e587e11631228d3,1
1145,4a77b1dbf5ea46cdc53a99480d1810dd3a7f3a475b5d2c62b80eaed98e9a781a,1
1146,4a80959381dd4564865bb4de3c772e54a7cd98217bd4975184af0d416e6092d0,1
1147,4a8c68a3050879b39bc2168f6d4c58d02499895f4313d985dff1ccf4e588ba9e,1
1148,4af53e00e64f52ec3492546d241fb98dd1280baf99b08c36bf1954ac314e9592,1
1149,4aff83998770a2603c9291b5a11a4bc1227c5f30e1f36f766ce30071fb0ee43a,1
1150,4b3a9f1a55f113070ba2e5263bf6cc09e4062ecd96ce74e2bcb3551e5e76f870,1
1151,4b4b1494365a0e06f6d022abd908804e639a6daf54d9d0eb8d5faf1105c4f7ec,1
1152,4b60c1d099df064b4c782592dd3170faa70320744b9930a90904e4d4a687af1d,1
1153,4b6bca6eac4aad99009cd02afc1d4b9cac9869d1a4b38be6876c791205da7686,1
1154,4c24a30e201a9e23a7f196b342b73b2e24a7687b864c281430e74c04706a7fd4,1
1155,4c3fcaec6e47af7897c4e0e68fdac7a85b74d027914c24b0ea9b6590ab35c329,1
1156,4c48ff4c46546afca39c25b7cae191d2bcb7cf172ac8e18f8b5cbcecee6c43ab,1
1157,4c772457075e9b1db3e24e5e62592f3f9f58d6788cfd08cbd91a18f8d5f65592,1
1158,4ccb71419c86ab2edce91f1baf9899ee2a23191dba78e571146c3c56280c6f19,1
1159,4d0c11d6295e2b816244df27355ffbba6011a127d97a146c8f94719435e1a31c,1
1160,4d30835cb7ae2a483fe280b3323eeaf01fb1594e4587fd363e4899632073abe0,1
1161,4d45f80a6c2053aecc1c3ec37df574a4b3db480ebea6eda0f27074d063419959,1
1162,4d4d8763cf5a2e8042e3d766bc443af39bd8aef5e4f1851fd033738242926b70,1
1163,4dbcac31dd52fe4f8ac3cb84d59aedcc2fdf07d41a7a57f79d641f838a3c80cd,1
1164,4dea0564525c95c472c9377ba2c61ec8ba4b744953181c948438f553a7e7a9ff,1
1165,4e70920eca120f062450ca30214aacd47028825cfbf12e32767cb4b647dc582c,1
1166,4e84e84d6bd9e4eb27eeba4fdc54355ba679d425a7ae138cae7401ac8b289825,1
1167,4eba0b83e6229643c4e630a42e15a99505c4ed89937bcd75af8622546fdb97e5,1
1168,4ed8e23d129f3e7cb2090f917dffa619024a493c1ef3a1edce7fce9955664898,1
1169,4eea0ff47c5632423966fb17355e532ec5ad6084712e2a2424b10ed9ad8d0aea,1
1170,4ef5e96586ea443f23e0a71a7882160a93ca0e70fa89c86e8ecc38e7ec1d6178,1
1171,4ef87947b823cfd9aeb134b6ebf2690065fbcf5f4371d9030bd6b2efd0196af0,1
1172,4ef96c702919fc3bc02957b33c7f21ba08fce0bd2e346f7bbfcb863511717aad,1
1173,4f51b70d964caa4964fe72d744ff0e61cd176b6ace8248dda169e16e1c192af2,1
1174,4f59a0fac20a9c4df5e6bcc69c7b2564b7b08c059549ee910f841d48b89812eb,1
1175,4f6c89448ef25d166df7e71afc732afe02c5ec840de7302719af839adec0e5e0,1
1176,4f86e0c26910d3338fc5dea3666b4acdaac3ce6da08d8cac120175a930970240,1
1177,4ff359e6c5ef690b57bf054a0962514a28564c71b097e4342aabe622c46dd40a,1
1178,500e4f374a00204bdc0fc6459f223e2728f1db7ac7e4048d4d336abdd37b5c66,1
1179,502ed6b6e1280694ebc51584f92eba99d76aad2a4c43b352c4006c8c3ef07a86,1
1180,508975572f59cb1cec6dfe56f37e294a5806db2504143fe1d263e517a05f98e3,1
1181,50957b6b582a1d434b120be02249b3b451ca3645d6eecd78342d20e072bcae15,1
1182,50a8ab047a1f95598c9302f4080f9176fea4cb389711fdeda95d4e37f2b8467a,1
1183,50c264d5ce98735d461dd79e627dd978bd280e5608b7d978e9f4ce1e29a88466,1
1184,50e9e205a8b8f26f14eb7c7783b87c6d9937b03a451c2c99e21097f96c465d80,1
1185,5104d0c12577de6387bff172d5668ecbdd407ed60beabdaf6748e010473f1cf7,1
1186,5105c27baaa9f859eee4643a572dc0577572e0fef24545e084f59c8909a02a1c,1
1187,515f12cf7fed4e8050ba9abda3e2de64e0cd969191a9761a998b95cd7430f80a,1
1188,5179a3dea32705ed08881dadbf05b4e3ddc71bafbd9973c50d7b592b5a0aefda,1
1189,51d595cec34e1890c0feba417e1e642c13e4347ac0b8423b8af5cf023a3c2872,1
1190,521729ec871f1a064b5d282c05932efd30396ff84be998d8e66ecad999f0f291,1
1191,5299d049acbac4971670f4c1c3b51f73fcd0c27930db6f55e9872f1a713c23bb,1
1192,52bd24d399771d2ea907e9927156fa462142e00d038590a184abd2cfbc57e5d1,1
1193,52c39ee46c3702dd23fd3b308b4f5989913c2ddfb355c8065737348e57e2b30a,1
1194,52e562518462ee64fc4728de93d460827bd9235502d5bc56c15749c0e30847ee,1
1195,52f235139045d8753d99e2b9cb402f8f2decf1d80ae6bf6ecdc29b5e4ea747c3,1
1196,53132a93b142b73f91ad81b932539fca0fae74f691caec8e10c820c8123e3bc8,1
1197,533414b6a8607ce002300fd05d745d6ea12a60f957d2b9036615cb4688ebb9ed,1
1198,533bc073f53804e7348f4e5b332d35cc6d25ea134772c2984a6a401592181d4a,1
1199,53474d6e21e5c8a91455e84864f2b1d65c5e373f180e19df71f84c37b7bb53ef,1
1200,537f6745fd4190b1a4811a46f91ac947baf188de2f713b8c953749f228e0e0e0,1
1201,5380289fe053183b3fddca9e3df50faa910a707619b4b840ed90eda3313673bf,1
1202,539328ce4b2c6a49e4f2ed0aa5e9cfda72a1da2032782a849902f648700e9a4c,1
1203,53d0641a4c1d978b11ccf94768129eddacd9395c09346f9fea838425afc6901c,1
1204,5410425cc66fcfe9cf536a35a956226adfe033af1d16258d47e7e1d2942d4285,1
1205,54152c5dc1c72824b9046c14d2750ef8edcc2afa37edf7fd88a21d2bf9e4ef34,1
1206,5426e035ec64704219a10ab42d2b51e612dee1ba6c2065be7fd961fdf8848147,1
1207,5440e8b5e6a85e98d28ad10fb3c105345953765cfd7ba23f97619bb5c562ea58,1
1208,54524199e60fe032ca9de384cfd45afd10e68150f1093c259a3d7de09f77b3cb,1
1209,548d97dc571c5a7042ffbfe71573d526a5821db04ce0985d4137c0db78ad9164,1
1210,5511e8a81d231486ea2d67081d3c68a77c06eb993b94e354d6d7907ed04764f1,1
1211,553ade709b2aad6c664d8fee7ac16bfd65e084a6a3696adbc55fe0a1105f6fb1,1
1212,55471c158e1e7f168021e7039aa5e93125b2df8bfe0499f4c980a24a47226f9e,1
1213,55529dbfeb334ffd4d5fefe4bdea209aca529656dfc938beb16d0de0057a470b,1
1214,55619a3c281f394a91c360c4413ef58bd427a877128f398075829738346be8c6,1
1215,556da1429625abad09242b93f46f8354f4b50e5ef854f68b2a659cd996e73883,1
1216,55cfe62c7d6ec09dd317950e5dd07eacc96f8c6ad3967b023229874b136c99b8,1
1217,55ea36a410a41e5bd64b79072b8eef2913c4679c50a05ad6989c8babfc7c7b93,1
1218,55f1859448a40a0671044eef189341513be2546d2fe17cb460e9bc2dcc0d5261,1
1219,5602b94e7724b8943074acabb897e4f0077e2ded85e28ecde955de2a32818272,1
1220,56034cf295e77221cfef75f45255b9459d60c7e77b7e10284d9241797b937c56,1
1221,5606df60c4addf05df8d460e0a8f6887ab03d18cec3df5c5f6aa731457a0da9c,1
1222,562658f6593245cf7c002eb62ba5d7fcd57e295d85e8b5d33ca80122d83431cb,1
1223,562e17a3968db40761cd1e8169b8fe5c9b8922256385ac891b8f2b88af83f1f4,1
1224,5656f75b2cddd9215157d958a4f9574aa4bda908d784f61bc1a69742a6786daa,1
1225,56748f2e29e5ef06bdb16c0ad882dd38b3368c4839754d8f721e04de627044da,1
1226,5685816280a2ba2bec361f1c8a353d181f3affc2da6231a577ade6310d889278,1
1227,568d56d17fed5001e0046ca0e7e8bd225737b77c31a6262b12ddffc8e50c157e,1
1228,56ab4148498eed7b3b53e80396d13bd61329209c58cca9490cc09f29f4522382,1
1229,56b38f8014e30fca70e6e4657a046a13834d47aff65de8ffd43a1fdf2f1e1fa0,1
1230,571fd0cd6163fbdeb3ff3623fd40796215333445e99f1047fa15423dba4da323,1
1231,572c31f5f6660f25a428c26319a4a972b6e3b4da17177381125d5f2edcdd13df,1
1232,57584b62b55da01e2c14ca53596509697df71f4ec748a274bc8927ea7ca9a05a,1
1233,575d0fc6f2ca3238c4bebe10fed6d9f85df0db1aa3a52985ae4ca8f1f6ae043d,1
1234,578415e84da3c02a9b3ead40edf236d06f62d76832c6994d880a9df566d20f00,1
1235,57990f3e78bfaa75b0bc9d8e84a7c43996988e94bc0359f1dc9ba13cf2f59225,1
1236,579e261fa82208d94d164ac41cc0b0a02374f8cfb27041040b2d7cd0dbd9d855,1
1237,57c14b51303e1b98348eb0d07a9e18037e75163f5714d199197fcb2818579abc,1
1238,57e6edf18e7ae33f476f516a7efa524b2143018ab6a81bcd2cde6500bd046dc3,1
1239,57ea99999e1c0c3ef8f550ab00a77653f87208a8f59065e802a25089057069b5,1
1240,57f5c49e305f9c7b1f531c9ef811a321952d1a22943622e5fcd12b4fd0662cf9,1
1241,57f7b444d40363227d723d6834254c0af6e3bbc2ee7047151d014550b40eb708,1
1242,57fe8c5872517f70e155482661c4556dc9e69eef737b931c8abc0d2e5d2afe89,1
1243,5826f6ac74aeafb4556547cccf73ce0668c53c371ee99cc134a81b7c8aec0747,1
1244,582dd3d1dc66e3e6966139ff542b415b5d8ebd5ff7303958945a48528050c60d,1
1245,5853770a7fbd9bc0c5f8ef95d0a024bef8eaded130bdd1f836f540fa5e2a5917,1
1246,588f907257a5d0a43417d10b53a435ebe59737ebb237d269bcf46ea50f74d065,1
1247,589a5d12dbaa4f8f122cbfe13b8467bedc7bf6a0455d0973b691b3a963a4fcf1,1
1248,58bfe2ef19f7c5014bb73898c61acadfab33d3ea79f359f1fb83a719254beacc,1
1249,58e4a8fe2b5336309fd9b27e3bd0f940ad9467b924c17e20b8a21fe5cd9b6149,1
1250,58e652415e355ca2b5156cea3881d4245318fd86d18bed98444a48cc654ae797,1
1251,590f456731395d68b00269bcbcfd70d6573bf2c3e5447287cf2cf2567f03305f,1
1252,592475359db34b951db568d12a2c5bd4f05a1db1a9a5bc0b2c94b6dc39bd4c81,1
1253,595029fc76139abc66d8cf8a0a55727089af8810d0766334d983bbf072ebfa14,1
1254,598f6fc0444e4ce40647bc0cc2298cddcbe37ef0973f1d5e24cb729dd29a6daf,1
1255,59b8ea87a3441a129781b38a1f06a4817397e610e3b9584f9043a94829367ffa,1
1256,59cb151fa5bb83d0666920f0f3307b68c085ee32c86163ee6c821a2a2bcfa8d2,1
1257,59d37054b0e19267684402483c899be6ad6066e952965d74e15a50dccbb11535,1
1258,59f8457d90934e91700f706fee9b72cc7a17f2cc3903dae2d993da6244dc1b06,1
1259,5a0105c5227b14059f6039be5dbabbea95b61dbcd589c7551dfc1ff390bbd75a,1
1260,5a21c16f982373a87ccd69ca39b7dd2e3fae0c43ecc4a5799a197756a1bd9735,1
1261,5a240515b475be3e863382c04c23827c062d8b49035c38e9e2d120d96c994aa6,1
1262,5a518e0e240fc3846c537c13f593dad5d7e74cf8173508718fef27141d99d51d,1
1263,5a5e348d977db0eae4b38ae3398fbad149dafa79df450275aa14224cae40ac18,1
1264,5aa508747d67e5dabe8562155364360b954c91d8fafe294580c4e3c8146bf457,1
1265,5ab5591ff2e10af133c2cf598f6ce17e0f64e17bd069047d6e3b2d2b5eda7e1b,1
1266,5ae4be678ba74afa8d7c1a36f98875a5a5f7cbd4a0ccc1424ead8b5ef0727bc6,1
1267,5af6c2a999ad8d65d2d3743cf8f5fe560d51c63880e28818b907580f988aa974,1
1268,5b11a98b87e44c87301590e1e9ebdd77fcdf285b83632b7b621e1e609842736f,1
1269,5b124a5de067a9d7545ea9c0bd36f21d3d1230f5bc86daa5d5f14e01fa17d3fa,1
1270,5b303235c24ca4972579c29391fe1bf2d5ce32b653eaa1d71b537488f6084395,1
1271,5b6fe59f604ed083853d8c542cb4a563e1478464c0a90903a5723b90a070cf42,1
1272,5b8bc2d94375d80ab9107fad850935758b0968312293dac9d30d485300e9e484,1
1273,5be4b8684dd0e3312d7a5fab518a851059fafb80cc32f4c376b9f8138a5f9d2d,1
1274,5c1825e345c995c921a479a368a1c24101e46efcf9a0d4ea8232932c3edec1dd,1
1275,5c5dd29b7eb56f802e25b57874266dfb3bd757127e9ccc708a435647db7e4198,1
1276,5d8351412cc33ee8f998ccc4a858fb23839223347059937977a373a52ff4f83d,1
1277,5d94e5577370ad046d4552ebcfc05334f39b815d6909c694841b9ac371924ea3,1
1278,5d9c99f00b99f300694cbb5d0614f854e18323efcb0f581c0662414d9fd3c9db,1
1279,5db3e7a51fce0c33eed47e6144f66adb97ab0c2b734d75b2493e0737e8cf5c66,1
1280,5db54b5f8b86da887f85ee60674139c7feebf4318107e6852ec4b6ac0f9e1583,1
1281,5de5672969a886c6132f0dd472805093ccb6dbf491880f31081038dc4a3a4beb,1
1282,5df63a91b0a510e596d2b03206902870cd10e8c5b7a2bf35508f3b90478a9baa,1
1283,5df939523c3a2529f0bc34077b31760be34920c5299de2e66c6a3b4180f73b0c,1
1284,5e1534435030e2c565d0d694b41dea688087ed11b891123f5a671ffb558f4fa6,1
1285,5e2cea13bcd3d703c3cb904212f113a9eba9e549a69a480c2d13f099ba5ee7e8,1
1286,5e4807f07d6b3f3e22e682d432438d5b1b970e095684d158cf940f498140e7ad,1
1287,5e850aa2a567f0ef5f34a40fa5df7ed6666298024bf5e4a4184e8725ce2b1ae0,1
1288,5e8dd9e69dc0ed50770f5b448e86889c52c7c2a22de8d0a765e4b6f55df6840f,1
1289,5ec96182f2403e51373e59540ad4b9667c93c66fc50afbf88b709d8374d4ac96,1
1290,5eeb82afeb19639aa6f3973dad8f32f3223202ecd03a22f05ee2eaf4e0607a52,1
1291,5efd1562977877f3cbe309175828e34c2c849c879d11db532885eede5f62f8b1,1
1292,5f12b234485fddfbca2f1fa6922bfaa0832d793de41dd98634660671dceadc81,1
1293,5fa9209afd4490c23ad9ca121d82b1621a0246459bf07e693c5b2972d8adf33a,1
1294,5fbade15342542505b22368c7ab07cb5f747566a39821e4579dced83647ba867,1
1295,5fcecafacd1bf6c34207d843548ad057722103ceb0899839987f3e6f3d72af6f,1
1296,603a0de16bc1bbf9711df32e112687aa3c2df02c2aeef1e02e7a1b7c788422d0,1
1297,604aeb9ff1d75ea0524a5f8a09a387da95c64e5c6d41973e2755449fad5e5031,1
1298,605629f7073245f341c531bd8bf244025568b8d2bed3c3da009d23cf10615f60,1
1299,60a2842a0db863a6564b6af2df28955c49fb03e4f95890e7b90720da658b4aab,1
1300,60ad01e6f28adf7c3a6543843eeb4e1964682a0aec3636c1e05b34e31498094a,1
1301,60c64e8641a5bf3dc5bc7a9f1d59e0b9ef85cd43603d1f78c91d6b6049983e38,1
1302,6102015690b1332502e521f986ebf9c9ac667a199069a1a56049c01787144096,1
1303,618fb875fc798792886d502e358a0c2fee7eb35013a7927b294a80086a3f65da,1
1304,61bfc23f69a12a19912efe02b627c9999c9229205f9bbafcdec0be20e4be1b16,1
1305,6201dc5b693581344526c2f2f47a5785ab4fb34df17e3a56ef193d3430fd5961,1
1306,6223106215e2a3bf5b0454273a5de1afa387fc4f1554e215a9c562801fd8c1a3,1
1307,6235fbbe27eee8899de206318f32b9c3d86a3b1d1fc8ec0abfe7e176840d3143,1
1308,6250c2244981e637e63f0faddad8d9b3f0ed6cc470c233539ecd6c3943ef012b,1
1309,6279e696140a5acd4bf7467c5c8b841de5264a66cb30f5761637fda865b55bd4,1
1310,62978b4fdf1e236be3a80ef09adda98083a926f3a74c7afc7709fb56672e9b97,1
1311,62bf4adf37572232b0313dca74c23fe0756b627a7578fb465a7e6a238ed6c6c0,1
1312,62c36caa647eca56d1f52d703423f126e8543134f51b367979e318686d163f81,1
1313,62fa9ff0e09a975f49ff660c4e29530af2f8a1d2874248c5cb315473e2676e4a,1
1314,630c2b9ae5a155d2ede33af78f7b900df4a2844b56188d7c7c27f0f75a333d08,1
1315,63e903569f847a99c3a8fabe88af199a113dcc74503f1d48229b501c9cfa725c,1
1316,6404f735c028237a2602669d9a77458181443ddbe035fa99c7e600789f33e598,1
1317,641d3ef4176ac1a9f79d3c87a8e42e97f20b331a2bab81d69a46d88d8f738715,1
1318,6432690b5e081850b38cb9d4e9a669db8b5fb8e027e7733adc18e1944909adb1,1
1319,643b28ff59878379224db8e994c7e0343be94833c36ca4ccdd3050c8cc6f3967,1
1320,64a80f81cf79e5e4e73860ef9a24e751205714e5be1a8980344f4d6e798c98a5,1
1321,64b78367afa55a6fddd14c8bdb2f82a205102b3653ca258e8d32dcf9bad70c3b,1
1322,64caf17bb9310e78f2f931dc4d91cbb3a9aaf2e9a6a49e75650e0f3377045e47,1
1323,64dbf746fd31cecab205d86ee34b6ae3a092632fef1cd87c0c08509caa256a4d,1
1324,650830d55b412001650aeb3a4559c90ccd1fe82510db6151a5d73364d00e8434,1
1325,653a87fe7f01042f60dd3d79cd9bf5409481e0a22f9aa2c3569349ea552a9772,1
1326,65935b421010d1f6865b20d2e1da597d40063933890d9d0adda76c0659d230ef,1
1327,659d4ff86dc80ec2928786ae1b7cd0fbf211f790411b5aa2c37af94175fc673d,1
1328,65c6f4f1bf4fc16389a02f57899b61c86482d2f2ed910c7ccafad64a0ce45deb,1
1329,65dd53d6d3df1e4dac6a51563e185c5dac7f3597871cb8aa0b004e26d4d488f2,1
1330,65f4fad0e183213eac78280b80a0137771e9b0be871c5fa15ede5eba3f1e601f,1
1331,660ac0f55c15e04aef570e9c483c7ac5e1e4c0bccf2baf7cf0e7942f520538af,1
1332,6636aa60569cd6abbfa824936b0c13e3916cd6b9bf796017994ff73afe1d1561,1
1333,66471a33cf4eb189810300cf9b98386df65446c1b6c93660ea3798ba9970f4fb,1
1334,665ae56fd0ded88b0240948095be4b4365f9f89ab95198df81d0f779d7cfe0cd,1
1335,669be79ee47752ed74b8d9a44af4250602c5d01f0ec6a80570a4b36714f005d9,1
1336,66b485044a7164d82e6d99779c11fd0003cd9a5ac1600cac65ba98108a51b2f7,1
1337,66b572d258cb4be83267d1465bd57309c2f6cc76aee7a1749697ae283297a4c9,1
1338,66e2dab2f0bdcbfe5148753e81911aae63f2b7337dbce32d0d0da1a501b7ee0a,1
1339,6731b0aa1b417818289077a5ccef36eb3080a6cd299b59808d4eab2302892072,1
1340,67454dcdccc4cf201b5c7b9d0994df74beda481ba18aea24b11c35f170e7d329,1
1341,674ad44a718ae99182dbf619d0a895cb0db03a619561fe173c4415a9a09e6002,1
1342,6759a15c0d540e9153e9b9a75a08b603bfce3d76a3944b9b7529cff083f4fc06,1
1343,6760d5851f962112d70223c8bfcfcd3826ae7433d9e3959f6e1cac9716bc6d84,1
1344,67a469b282915f771a23b71d055be21fe54134d7a442a4997b191b949e4582d4,1
1345,67b12e6f31f4a6473595b45778a33aad2de399f7f2c6e6c2c7a938c31e65f593,1
1346,67c71eb9aaaa75910667969056f3cde2eb13fbdec9bdadf3b6ef8b11fdff5648,1
1347,67e016c45c3116a80887787d72c51a637965389515eca57f4b40cc855d0d953c,1
1348,67f8ba04fa77daaae6389f5cb5913e3af3747255d5215ccfa2a1dfcfb5081145,1
1349,67fa87a7933b98e1ed44e47d21bbe3decf278023d6dc7d36fc96196349d13c05,1
1350,6823ff26412c9f9853b362694e604a103f899234e597b546e8903e6184f8b727,1
1351,684375c20e31ab3b3791f75d9233f077bc1b32a5c54df074c6df655ce1c4f438,1
1352,684b043f8228cf128373cb998a0660edc9c20da690ed12f96a105ef9cad1973e,1
1353,68dff7758d599ff8b522b19332cf4968cb85578518e5aa73a2c26a132fb1ac0d,1
1354,68f80d3d6fd9f26879523e7d50acb282bbface1af150dd6d19e3487062fcbdd9,1
1355,692cc3e52e0504bd054cd95106f1b9fdafde7b922094a1195c42ecad74f4c232,1
1356,6953dd07cda8d6ced04d88b0953c57e659b7194d6c007b7724d7a5e4f244db7b,1
1357,6a06d072f2ad2937e4a2478aff7a156974aa29fae0ab577bf8d52fd2ff4742fb,1
1358,6a32d16b9744e0a99c3c0ecf6669ec6c41186d442ce43aa4f202b0808e70e496,1
1359,6a91d5696356215931ea8217ab6f8cae4e114ee7dec746e0aadccd2d0369fc5a,1
1360,6a97b9b1204ada8855b13cf91ef98244085cdb2af5f6141a47ee47c609b36c27,1
1361,6adfef6a0104a2f4b1373c959c38c7dfd81312726abc2786218b7e600abf74af,1
1362,6b10a4ab261365c2b88125913a069cf85d076a0171a16555bd12298b4934ddf0,1
1363,6b68d69772bad9a581683476bfc8d355b95af64994cb7e11b60e2444ce27e5fb,1
1364,6bb9558f00b89128ebb52004134ffc73050ff17686df39b67e688ec8d76500d1,1
1365,6bcbd7863ea7ba3e9298c1ee28ac2d45895569280483dfcf83f35befd0e8cb42,1
1366,6be2b5ab1959ff3398dfb7b7b520a799e18f075c3da6687fea1365b464cbdbbb,1
1367,6be790dd735d84ed433b13afd905a0795b14582af54e67f3fce7a0d391152c54,1
1368,6beb4d5ef5c0738e05149dc0c67764de24aa253c7ea2b60e541faabedd320b6e,1
1369,6bfe5da672648860c4553adac34c9f32436200e41e99633674a975990635ab4c,1
1370,6c35cd1282da037f96ef88d9bd0a167b581ba2c845bc453f2ed78aa6760ca879,1
1371,6c3c81b3f93d10f823e03fb0abcc493d5269919239395ce6b2bac2a230ad2903,1
1372,6c433ba99a4f30e918987f678963f538ca2da3797521c65ae59895c82b45a497,1
1373,6c46c6cfe97cb6ec4d0d788b8ecf5408a85f69fb2e9b84c01196f282095c430d,1
1374,6c51891c24d823be1fdabcee41fcd2f2503b381fbd66fd8fa1d96cb4cbcd4e41,1
1375,6c6238ce3df8a0730a750c002381624b18a9118d769139354008a70ca5ac7ee5,1
1376,6c75e54294834d824e6e344b0a06db042dd30c59d5b241b72fdd35e17b8482bc,1
1377,6c95e7adc1a5f63aed4a821fca003e7ebb16947ed126a395e07cd837cb351292,1
1378,6ce28b418af5454efd26b815e756b64eb1dd87a7da7605741855b4a5fa348ea5,1
1379,6cefdb0498e72110464cd1f5bcd477a3d8ef06eb92c97e122122baca86c85e9b,1
1380,6d01d551a2656397dec5755748e3d3230746029a7e1f4162c005f9f03383b28c,1
1381,6d300dbff3f9e248167f38841007aff6501686f3d4d530d8c485a776a7e6db26,1
1382,6dd66fe67c1af2317ab18a021d0c8611949dea7d1767901ec9cdf5fbcac85f7d,1
1383,6de6207a546a0a82d5d6b535c5c78a4b7c6d015901ec8884bf7407b6a3dd4c97,1
1384,6de83d7be809a5aece37a2abc1974f03616b5230d0e712de1d7589caa170e2fe,1
1385,6dfdf5f7e0e3858f20098cbdf7e251ed9e7076be0be114dfbee68c2599be56ab,1
1386,6eb3d457c78f7f1d4a8d2f9ffff01cd1f0281d10904dc38cd5cbcffa7f98d482,1
1387,6ec0779f704717c94e32ede13b8015a3e7b96823add53109564d3de1c1268da0,1
1388,6ed199b4ccd49b62cd4c4036f19c1b3d248eaf2268300390d5d37a84c80022d8,1
1389,6ee66f9aa45184eeeb55f5e450be16f2b0b9aa27702c2c3aef19c67da8e838a5,1
1390,6f003f5cbd61a53431a91f5bc9ee795fd8bf5a1b99e27bd3ee943e3ea185a7ae,1
1391,6f94b96ee138cae40a211c16b62540f5d25185ba5fb25721ef41e02377fd5b00,1
1392,6fa9d5d1fc48ae2a1cb336b52cc70d4d9297e5ac19876e32c98cccee0873a32d,1
1393,6fb0c5f200eb03c449a6d9ed2185c3addfd1c49a65a95cbfd250b56ec8f3cd28,1
1394,6fbfba298954ca67abd5ce7cc014a7b3043ee74b4a9ee03fdca2161f2838b6f5,1
1395,6fc4c09fd976938a05709293025fbc17cce75b207b4f625efac5864ab8680be3,1
1396,6fdc57cef749870bf580e7db68104be4c2d3a44a5a7000c00905ca936d419753,1
1397,7008b6c1745109c4a5477eb149dc152139381bde562528e09c134b48c2bb341e,1
1398,701382b03f018562d3f0add17f33540d4cad0bb7d1820e722582e230fd6fa446,1
1399,7024aec9d554809383c1992859946ff9f4891e0322f6ce5c90fe7a99efb137b9,1
1400,7093ba58cc586f75e19c0b4bc60186d843a8571ffb3fd9c9af76856b035f4ac3,1
1401,7094fb0028d6583944e07037850f35ade4a7219922d894016e2e111d60690a78,1
1402,70d8e90a4e0fc69603766f2cb925cd1bc058b64fb8eb4935aa4bf05348f9c402,1
1403,70ed91c19ed6723393f10af2edbafa48ce860097444f9c152478627dc5401d86,1
1404,7101946d2058e1d03a09126f0610fc1f16b0d94c9f51256c470455a1366cd7e9,1
1405,713060c1427dcca01ea98565e6750b8320641097432d4cd272553c4446e045d4,1
1406,714ef84b9b154de57f4735e974c3071b497e054c3c71d5111a09b9e3353a1c48,1
1407,715d77edaa70614c79019293065238a59a20c10e932771b53662970a25da5bb3,1
1408,71634f64ef6f8e45140055e55b6d6cfe3e7098733189253590a3c74dc26f419d,1
1409,7185239eced96a2ab2da633e771fb2ece10abdabb42fe082aea6a1c550c58263,1
1410,718e9228d3ef6d3842b1008ed1dc4c83eb01678d940248648ec53bdb606cc967,1
1411,71b9c3d934af320f4f723c1c0c5605481739a6a86a940010e333d3c69912b909,1
1412,71ec646b22c681bf73692a3d0686f366de58b218230a966675769588789629cc,1
1413,7208bd1f4547dbab7d8bff2eb86cceefdd26c458fc378598632684d3748665c9,1
1414,72d3d5ba7108a4cda8cda1b55ad11c48fa11d6deceb35348b1fea64989cf273c,1
1415,72e90d592c0c98a0569a80adf34dc4e0b1328987217f7e24d75b3b05f7892e7f,1
1416,72fe28898f4ecc82bdba3824d9dddc87a94d9f7d0403b0d5adb466f3b3b71316,1
1417,7350f5aa88461c1b245d407b1c8907760eba2c3c83db7b3b3fc784fc7e00aeb5,1
1418,740704ffc27d6e082d794588a940ba933788a8d5e3d0c71e23ac9a67f2615330,1
1419,74234f3d0ba23bcb9dd006602c3f523d17134e97690ce0375af7bb863baa6039,1
1420,7444005f24629074051b8d13301515e06e8d7381fb382e4a5219e370b8897264,1
1421,744f15691b589958e7124e30d10737ced416eabf751b86b97818f882d638d3d6,1
1422,74c6f4b0e41cac0ff4401302e70eebd5b5af2f3430299fa48a763d81b577a3a0,1
1423,74d18670b6c216597ee6512828d99c3c5a5269ad9b646a383440609096728f6b,1
1424,74de9453d6aa94a88257b22c2754809dfef6bef9be52c5278603d45e69f89fd8,1
1425,74e33f1ee1c2c21950f4bbf8f85b516504b230a19f6db61f0c101198f5e1c937,1
1426,75408810db53be696f0673a1e5a6011885ac14e8155b472ae71a2f4e5d812eb6,1
1427,7577c8593ea05dff34e8c1c226ae5882f0024b173de938466c7c05dc46b1f2ec,1
1428,758bc1e280e2127edd9249868b42089efb255b1b9875060c8eb2eb04c26bc385,1
1429,75aab1b8f2360c99dbfe166a32233d4141ac854d73c08eb3e40e5eaba9104a5d,1
1430,75adc2871128c8b34d6afcf6b3710f6506d29a14fae709852d3ee981051a467e,1
1431,75b909bd3c8172c7d090fb5be2dcb4f460dd908659c332c281b0391032723d82,1
1432,76162554b97bbe04fb91aa2e8ccd48160e1efe31881683deea9052c74fbdde3d,1
1433,76458abcd0eea7d6b5d331be09a3142823dbc6ada76cf391b19690e19976cb1d,1
1434,764e5cdf865bb7f92b8bef2836f9acf4d0b7faa014125173f22be15abfa5ff57,1
1435,7660ce6740c692cf13536d70d274b1f0123ad2697a9f0ac948940175fa65aae1,1
1436,7693d167bfae34fc5345154a75e21dc6db164f9d80a2c79eb79999814eb0b62f,1
1437,76be98aceafb2a8466ecc569d28b7ca690306a89660120c0e31f0aeaa0e4e596,1
1438,76f5a89486512a35cf6eb7700c7314569bfa8ed2f6a6855f8af8074ca502f6c9,1
1439,76f9cca18347acc6ceceecc1a7f2dd3e2022acb8570522e1e4193756d7f7a4a4,1
1440,771a8624e6f31904663323a66ebe5a6d368540d8684b6327e4383f1d7bfaf315,1
1441,7734e9e56bb651e55da766823e221fc94701ce2cfeb67512e81259f1b4bd6037,1
1442,77bf4b856225346fff0b125fbefa01229ab6f8124018960086d82b28f8286fc0,1
1443,77dcabc5ad624263273d1cdd87cb2cbdffb8b87fcf1022c67cf02e4ff5f1cbf5,1
1444,7822e8b948a182fbbad60c3cbdd96d31998aff3ca41c70798420e688aac2e742,1
1445,782ee67017b9ea738ac66ca0e8a3344f39048317ab0ed435856d0848814e5efc,1
1446,7859edfab4becee32f12bd885c2bcf45f42be8f24de2f5eb0c27ad9cb728b52c,1
1447,78666b74a7631d61c26f69d743a353db6db6d435d5b1a82ebd706a6b398d6e5a,1
1448,786889d32deb420adac5d0697743c6bc5efa6414b6351d884e7cfb220ad8c09f,1
1449,7872abfa6342d7b48487735c3dcc97628c32b48473612a4c77aa764521a34cdb,1
1450,78a891bf286b84df775051f32b2d545cab21476017162f05108d82d5ed896670,1
1451,78addcf8ece2d8b32a446feb6d19f50c8dec1b007d3bf41a057303817f90e66f,1
1452,78befe643eca675d099f4f2cbe742ba1cc88a78e4f4aba9cbfd9305bfb1657ca,1
1453,78c8e02f67036562b381b3e888a0cba2b578808753062af15507396d249dc5d4,1
1454,78cab7147c28635f22f1daeb848daff38b3889fb467bd1bb25539cee762aff80,1
1455,78d144bc36193a1d6e0add92df73c49f2a3e945c08f6f6851cbde0f8fd2795fa,1
1456,78da29f97b07e9f1332d3314722086a3eafabb3fa3060bb031d35230b75b7c45,1
1457,792a053f1637295216804159587a8fef0988f222eb32477ab9ba3aaf80526182,1
1458,7964c1fe8bdc43e4e1f9dec5c5ab69d78545572905e9f77d4b73e0e6eb168e20,1
1459,79abf2c2e09722e7f35b84bbe84c9049e3dd07ed5e214204eab1e9e495363239,1
1460,7a4df704803cdb46f056a535bc1334833816c2bc656e0a85d915961837e7d836,1
1461,7a5c8e844efaced7019e24b31426912b5fbc2d304119c7a46b688ea765e2715b,1
1462,7a7c8d35a17d78236b676a82cc86e41acc7d332d1bd514d199088fa18243bffb,1
1463,7ab0bb215f75c8c712bd9d3b2243e2ffaa8d3b049c367974b1d95a8c3e106491,1
1464,7aba28877a551445d06be6d78178ee820f7bd581370a8b9ccd43830806b2005d,1
1465,7ad33e8d66c5c6458788e90ea1a5c0b2d73154294340653a4b3d6817b1d02ceb,1
1466,7b6d7d48f31e6c98f9bab6e1d6de759ee83296a4b69a37714b1d2251fc1bf780,1
1467,7bae81778ef9c3e7dfb800c5c3be6201e627dadbc21d2c1d5a574e3a66dd5222,1
1468,7bf4ddca665f7219e216a282b068134c59a435a391d86fd30cca569b7b1470e0,1
1469,7c362e97218235fd4eda187fa3600ba95e13b5e0f0784d50939ce07c7a3b4c51,1
1470,7c46d381ed1556456f96faaf5db2eeb523ff96957d0839542aafaa89266ac479,1
1471,7c5e1151b70395415439bb17cfbd8c0b08e57cde760cc71f18da33599f67afc0,1
1472,7c77329c1ec84d27ecf9b95a97d70cb04e55b5123fd7fc9147ba7931119018ba,1
1473,7c877200702f647cbd457ce0e234e31125bd323f5bacb1e975ad696b21e4b591,1
1474,7c8e051ae835a2081d95b056c7bb4ddc15843901cdbbfbb8fc8023253a68f9fc,1
1475,7c9ed37c7d629bcf939cc41d2d73a3b52fc2a653a651480e04a603e246440391,1
1476,7cd538efb70212616d7580c606474385c574bbb57fb85bf604ca4f6b4a1eb406,1
1477,7ce4b556c1061bb1aa5ef473e0c1c5155279f96aabc3cebe99bae99d30eb0cbd,1
1478,7ce8da9bf599fddf8b3b91925e645224a1a357157a9de0501bced04308b120e0,1
1479,7d59f7e029f194d8c5506fc5ea360d94f5a1c2ae19911667b856240844089f49,1
1480,7d64b9730e06cf41ae64c45e00a48ea3a4c7b72312cba91a2cf9ccacbe85a10c,1
1481,7d6b5983744e2ea501d7ee312e22bd1b9426e47216ef063ef2cce66e089a59d9,1
1482,7d9d24f7dd0f28baf86dcc6ed9bdef0119f60e229b4a16b4681e7146911811a7,1
1483,7dcd162243cda0992a7a123c15a61e0c7291a5b57b96733e572f3baacfbe9c61,1
1484,7e6728d33627737f46d8e8349c6a652972f4c9d67b37b1d16f94b211f117701f,1
1485,7ebf497ba6054e407f0719c1978951793b2c1ca1e48643b0f177cc2dd007b5d4,1
1486,7ed830c2e2a8bf1f693a9d2695d7d879d61cec499d300d57092908fadad7b4eb,1
1487,7f386305cac8452dc298e191f911100c3558de8197b20c09c8eb912238f25c52,1
1488,7f6d168c7ff4b56d0e689218be9810f2875276166e158a33393352f3764a6720,1
1489,7f95b34107cff52bed66db672cdfde2da3e5b820f5182bd1f4f7fe88df072aad,1
1490,7fd8b1c17974ae9accc80eb362c5688830380d96bd1ee5c6f359962e24375759,1
1491,7fdfbfb61a6a86651fa2b39d241ce5e4ae13b6cd65b534ef30884b46d3d48a5f,1
1492,80556fa220887ec9f61faab3e326375f4a015179f7ff0b5b21f4a35c7bb27c05,1
1493,8079ba867f9517c9866b6fcc23466d8608eb69b424c525e7ead1abd95cf5a7b3,1
1494,80fa01c3fd7bde574b9bca405e4bc692176f2e56271f2bdd4eed1d94b44c3494,1
1495,8109798d7f7d0d9c74cd7659245dacd28599aa0b90fe3a702ab651662f8dbdda,1
1496,8112ca2e76f6f90ba700d4b469403ca224e8705ba5573e3bc204179705ca4c20,1
1497,8130123741b0652be55c81eee127c95c6b0bf032edd00e3c9cfecfd645cad09d,1
1498,813483062b589776db4abb33118e6ded6fac9a574170f760439fbd68b896667b,1
1499,81452a94c2105af302b03b91fb74e691702677bc924485da932cb9ed0c7bc589,1
1500,815178d6172ba5379a407a546297188308a789506ccd5e8b4c983ba55e03b472,1
1501,815ddd7a292cb14f2a9565be3a174f22ba2c79a097def123498420294f5c4f36,1
1502,818ad794f357b8f4a52086d55c170a0b8fe11c64f61ff49be74a845bb120306f,1
1503,820beef1db34d9c852e43e33c17ba84797e469a470b30b24120d3c5e3d253ca0,1
1504,825bd456c96980dcdf19d8f69d52780020bffe127cfbbadff8644175529a3fae,1
1505,82898494764000763fe4ec026304de998ddb8289d17868607e8878bedc18d33b,1
1506,82a76f3b137169899a07914e35c8795e1adcb33c04e1ad4030a2dbbbbe915999,1
1507,82f97336c42ef3ccc278a4c10b8ecae9fcd9dc7fd818557ac9b7ff48f1c4d82f,1
1508,839ecba2ce9d21862831550a9fae643ec294d187df24b0b9191396a4734632dd,1
1509,8406437aebf8e5f9c9e26ea3757534a6a8b110bcea9adf5741b8562f5e78ad7a,1
1510,841379c76562e44d01ea4e7399a09453ab17fed81b53e48239ae19aa19829a62,1
1511,846fde06850e23fe14baec4b934f9bf943b2c952a8aebd548a709d40a71eb9a7,1
1512,84735c1467c4a62d660bdacf5e383e40e1fd460410adc76c9633e95d4d1ea441,1
1513,84edeec92ce0ed4d655e2e022c4088a9009947ade43468641da953795e75767e,1
1514,8562e12e8fa9b1bf357afe7d68799a46c1360898acdaf3180a78804b38b8d2d7,1
1515,85b4743da325ca26a29c56628244842d1ccf235114bc0440c0489be7086ac4da,1
1516,85c04fd51d313b484ed44d808bd917ecb660203c908abee0fda1538b1e8f1a30,1
1517,85d9d4fe60bdeb125de1326670abb7e2af1d1571f79946bf350ee0026e73a31c,1
1518,85dafe892573d026482e44bb2b2a45c2c8f76c7a3b5ff48b76ee487dca6dc571,1
1519,85e9056e3942bf94aabd31a773195b86a60ddd822167ce7957b5a64b7bc4aea2,1
1520,85f587bffe6bab9a092ae51c1ddd4f5bd4addd0571ed51d1c9eeaba518fd7c9d,1
1521,85faf5ca23a31195e016cccf3350ad6f8436af6ca56c8baa618d46f16e2d8c7d,1
1522,8628b7ca01e8bbe38c965581d93c0feef0da5d3f62f2560332ec04429e9b2f08,1
1523,8639444efe3e64af32f3bcf8e2782e79967d286374ac396973c0156fb7c6d2f2,1
1524,8645e9c0ce41007b0287624c9909dd74709b40c749b33fdd4fecca7d188579de,1
1525,866af9ebfb0e0ff6b7def7abe8204228b6d2177bf9c710517353088f4497f8a2,1
1526,867fd850b34800c82d11613158f4ab5bf093ed800efd00f6e0ee023512f5ce4f,1
1527,869b488ddd53ef268a27283c2369ad00d61060b73317bbe24cac6a6d4f0417e6,1
1528,86b2a710edf76050e28449bb4f404044e8365c006655cd8c1cee5b15f3238f27,1
1529,86df00efdeb2ce0a6919e431025bcc4056482182265b95b6e882faf737fbea4d,1
1530,86e34efad377d7fb84c08d149ca21fa93246ebba197815ec3dd9643ede37c511,1
1531,86e4cc643aa1293ed9b9903860faec1eeb92adc5082218b35c086e573ce6eef8,1
1532,86e67bd399a3bc15ac955b67f4ecaf52866c7d300b511df921361813a2d0afa7,1
1533,872d9033b58641559e230e683116145db56e68fbbb303adfabbe36a64b86916a,1
1534,877c911a64a0d6f25df898fa51ecf86ab80b71a77618a2ac8311bbb6ec17d746,1
1535,87bb4a30bdd5fdb42c9ff5b27b7d292ab0d4dc3687711bb78e5661f76c1a32fd,1
1536,87e24825a3199437036629dd8ab755372379a182f62deb51c6c38a281bc063dc,1
1537,87ebde399c6f155ff6a2c49623cdad1d1f2861db06302f25bdcd1ce531c1e79f,1
1538,883a020313666dfd7a16e37b0dd1adcfe1663d701cdcdfc75e34482aa693ddfd,1
1539,88a86d03542cf60df478beedf6d9adbb2681dbcf819a1b756dd1999893a518c9,1
1540,88c77e03c24bf2c594cc615eb0056032c26fc80bf48aec6c1dc98c9fe3a02bf0,1
1541,88d1c39b666933cca25efead50f51da19cdd9a9550bcd223fd6794b99914dbcc,1
1542,88d79c7c6e39b009156f28ef52d7ce60360a81d018b832cd5f0bda61384c9612,1
1543,893ea21a2fef4621cbe3b81a21c9d12abd8aed57a50043d6897b69f583c30304,1
1544,8981e947641023f49b3ddb99ac8d745f592a67abaf106a00de61aff529ad86f0,1
1545,8999a76d0b64c339c32c0dfe1d916ec9d3e1373dcb4ed664fef4e202ed8e7a3e,1
1546,89d96b80d248ad151d579596ec7c33f4941ce3916180ea0e96b0d4874d768111,1
1547,89e5b696cc0f0903becf8700c78e529d27eab34a328600ad4949f1d6fc5b7f24,1
1548,89fcbc332f9a1b75b77ea4a99a6350284167d1f4853f1ee3edba3706d64f5594,1
1549,8a34df07fdf8899a36d0d262b62b687a39562453f960c72fcfde26f450afde7d,1
1550,8a65b9ea02f4af85e362daf40634240b7174b35c70f370d76f22b037381716a3,1
1551,8ab7636e6847661f90a9e980ee81b672243abb362dc479d139f74a71c3a43b97,1
1552,8ac3250177ba91d10ffd14a5b140f77954973ea1a107fb16990e45b17ecc0771,1
1553,8ae46bc9535764444cc9cd43057b1e88383e21004d93f6b87d318a5dd912421d,1
1554,8b39533d56a8253357f53461bdc2729e2af080ba6a0d76c21bd5026a97f86e49,1
1555,8b7773342d5bdca4e365982adb81aab2ea0a773d8ccebaa353d7be2ab8231825,1
1556,8ba21fb160e6ee6e7117cb7d93dab61341d8f7013ef5b93c9cadc76f562cb86b,1
1557,8be7fcb0a109b11432c8cc296c9bb606cdbb559cbd74f9bee5046924e2af6f5f,1
1558,8bf8883b6e2c1ed4ac64bf34c6d018740009d92f3ae63e4bdb407abdbd87cb4b,1
1559,8d3b4d5ec284f649b809c32058acf319d1f106c7275b5a12e9a982055065729b,1
1560,8d6cd144e0507fdaeb30c4dc9fdb3d15420a94317f978b169c465069a154171d,1
1561,8e01f7273d6012342d0f836dd63fa33b35e22009d355b34e7e296cee104a2eb8,1
1562,8e2ba7d4e692cb1e3912e6cd52077cfa8f9c04e90b2777588f2e1599fe31973e,1
1563,8e6aba94bc4bc19b1884cc39541865ad4acdea2a0b562962a77a643f6c4159f3,1
1564,8e7a83bb456f9fba44c61ad2034914994babf0784541a4ae51563d2be602a6d5,1
1565,8ea4be6483595a4f84832d879dbacb608df02ef015e21f88a95d747b00b4c417,1
1566,8ee686351b8dce3d6b952991c66df27ad3e5e5c8f1096a582f11bd77bbaf6572,1
1567,8f118f9e8c91afddd96917a7a39d0d63fa88a04d790198d7bb3e8db546793256,1
1568,8f11a66f34ffb6986f128781f0547f847ba332e66ded48fabb34f3b343cb1aff,1
1569,8f1476419f720c66e9257a3f39853cc996054492979afcdc0416ebe5df840c48,1
1570,8f2fa2c7ed3662f62f54428afec1655c4c87eef2d9ae76062b284ab7d3400390,1
1571,8f8ba3f0519dcad10cff7d6d66d2d7d009e1fdfd9d6ad99a4fd2073c33d9a138,1
1572,8f95cd629f1ff379461db29d09d711ab92714472a484ada0395d46bd911e2062,1
1573,8fb774a87a6174bbd03c0f17fd080cf76121527291e7cc6d9200def946d0a6ad,1
1574,8fd95d83eb89d074777246adc53cd72852a9fc5815d6297fe1b0448be24d894a,1
1575,9016c59cd5d51853044b50d7ae35533227272f839a043731fc1a902e00973a6f,1
1576,901e0073f8c1788452588daf8530e506eb28a6f1b1153f7b5949d33e8a0286a1,1
1577,907eae100f964bc5f65811760219015c21756394d41e3b22facc4ba38bf23dbd,1
1578,907ebdd9f97de7ce225242df6ab4da3195ba04707d5b2a0ff23cb3b3f8c60375,1
1579,9087a5efd49427e212210f3d598d0b8f960eaf59b1ad409a77d5a5392251f647,1
1580,90a8373728dd0b3208d463db20feb9dc45da7022b0fc4efa9c19dd7527359a05,1
1581,91017eb67c5c7eed769df6adc05abd362effc6829844c2c22a7e94489be985cf,1
1582,9116de77b06503833f2762462b3ed8f89f62445129715c7b42c188691e06e1a4,1
1583,917a22b52652796ff06acb89633fb995c50934d332d8b03816c8402c49a74241,1
1584,918082465754009c317b176e157ca28d825e75f67b6f7ef3604f6517fd6c7ce0,1
1585,91a24974b7d02d69369cb016d729799e58dd5d10b1ba462dd90bcc805a928811,1
1586,91c5635033a503309149b3be34ac832d40779972a5748f2f566a2bbae87582ca,1
1587,92222de854d01c0f3d892997f403931c32335b3dce22dfd2c420598357e86cc7,1
1588,924d4cf33192a6b4dec01d4fe4562a2cfc39c3dec6d71946fa997ec8bbb10b06,1
1589,9268138770a7949f595c2114ccc6ad8470e889a0aa752b2399739055b2b8a87d,1
1590,92daad0851982e85fc99e4e93823f37f973d82ad4224b1849cea06000f17d6d7,1
1591,92fee29b3e4e021dfaa904f68f2d76b588b5f0a930d3ea48857ed2efbc250bb9,1
1592,931a1041bdd5f1e39ce7b302b775a48fb33bdafef70fcd051fa2606952db788e,1
1593,932c82ee296fde30480226cd5db1e76ed822aa66bd77f91f80a3b6d194ee36e3,1
1594,938b4887fc8b46478e44b6d0e21e7ba5cc308ec4430ffc69e85ab616e8d027d3,1
1595,93b4730300a77cd0ba526637be2d575b7710e0b527ec7e027d0fe768ce3bd116,1
1596,93d2bdb8daa72d86eb1f63ff7805850a8cc90e0bcd7a8c72e203a39883cf5f4c,1
1597,93e5072dca4f852c90d60b7130dcb1c0345631ea937e620f926ae23121387980,1
1598,93eb873c2016878f29220e8d6d5331937f27b22bb6d63396acf88c03e268b36a,1
1599,9487d1162d19d6ef1c9af767a75859058caca7e92048eb0f7f2efdbd87bbf42b,1
1600,94bef10a27685898d952a6c933f20f5ca751328fccb2c753cdcaf1ac224af411,1
1601,94f997e8d7d44225d61d08b97659620e755c3a48269a7711847ad349a9125830,1
1602,94fa9742f9037a233490c3bc25a6f74f8cf74c4b1ab5853f6a1e4306da8b0fe9,1
1603,95541c1d6d4464af94d58ea81fe513588c177ac5109fa29685797abc2889e936,1
1604,956ec4de07a04898d5a0e5b584dbad5821a5b70bc197e8019c71d26c589f80b8,1
1605,958aa062e330e2f9aef6ffb0a98eca9d1793c5a2dea0d571f6f3e9cc23a3e062,1
1606,95a2b93d7f5983634f74b2c63ea7f1c66e20333afad6c4ab180e2117d835b2c4,1
1607,95c7c9606d2a66e128418b716ceda557d9d3dba9567a2f553d665df1e72685d9,1
1608,95ea8361ac1d37ae8a5f33115d49be94d919bba6f52cb8854a69b0db9092c624,1
1609,960e9c2f15e1ed2862615f8ba4c704ee0d1037fb998d144e6f392655fcded0fb,1
1610,9624b37214e6910ad9fd482867531b878515a6acef3d55159d2c8f276d503bf1,1
1611,96576db105bd1546dfea2eeb889945bf3c4ff5af2f715c917c4591c16b109acb,1
1612,9666c0d76425cd59ee45ee9f0daa67b0268e19b5b9392a0378d96fffc0e71740,1
1613,967a9f7828cef1009058703e7c90f867c1de39a145573d295aa79132d68915e1,1
1614,967d1cde6c1e756cab471eec1a10774c68d460b8e64d1f9c8f4768539f9a554a,1
1615,96955ae44f8007bfbd3148e9332055cd4058de4a5ef12a331febfbeba7904147,1
1616,96bdc7f4627c89c0a74a8dcd1697a8d2c045a067cd94e66520a04468b4649397,1
1617,96d365a84d2faec20ae76ea30411ab1f6527b91fcc50929815f5eff012e57bcc,1
1618,96ee2e7b68a3b9a89405b70bc2928fadad31b639c370dfaf3705189e14ba3683,1
1619,96f964888e4a47e6bb1348055215a3156aafec01499b1e01ccec41607419616f,1
1620,96fcf1d18f75dec6f50e99193091822ee20c33967c680c5be1ad356d11c8a536,1
1621,9788285a679c87c56db48a9f7442f4cafabacc9ec4502fa6d11a3a5ad136e596,1
1622,9789b81f3e4539918142632b41262fa878759a9cf9631ddde33d8e34bac43d00,1
1623,97ae3c9f56d52dd544582ce1631bc591e13cd01c49eef2d68d94ecdd2df6dd4c,1
1624,97c3c346cdf2643aed862680aeeea2649a7c8c6aced63580f7f959a123a725b8,1
1625,97fe18cea5a341580a0f3e750997fc0fcb080d1d6026f604b0f1acaad52ab42e,1
1626,984f48db6a7a18539d737e383e7c9d19bda1c61333ba85d78c8265c90d476da3,1
1627,9867c71790eafc3a4794f17f93da5b952f6da05630f7b072f3eea5c8e5a818f5,1
1628,989a0f5e522198bf6163d85322122082017e62a7f9b8fa958050099b02e128c5,1
1629,98bf0dba8067bfa6c8d61d5a74dda7af2b252c5bdf10643cefdd4670ae92e9fa,1
1630,98eafa79569a084f344ceb6f43f9656a2685f99ddd953339cfa7c3210ca83fe3,1
1631,9931fa4f2236efdbe81f8c2f86a939a4b9b15d28734b5f5c3ba0a94afe52a496,1
1632,9955427e53ea9a74f4d7c58c0bd031ca27e61e13766fd4331ec3be1bcb1caa62,1
1633,999033f11737d345610d1579e250a3a5e43fe65b64590525978fa533ad7fbd66,1
1634,99c73de3bb0f98e15f42951433868a0aab74daa683a66ebff075bcccd5013853,1
1635,9a06b8338d3fe387ff48680f9b561d006a9f9c5f9f7c28ee6cfc8d1963c76bae,1
1636,9a29ecba8dbf5ae4324d50d69443f9a63fdd8f109fa03a237ca96c6aacbbc17a,1
1637,9a459a062e3e0e2a697038537fa6bb4c12012157c9fc4864f50afc6e324060f0,1
1638,9a51cec5b2a5d7ccc8d2eb3eb74c2386e753b6e1a889d32098c0a5ae0038ff17,1
1639,9a525a5465a602b17a9fcf2018ffd43b434484dd549a47c8cb6830d324830e07,1
1640,9ac69da16c390ab46ebd11f117a259cd053e9dc55075ce13dc2101325493a5d1,1
1641,9ae9e9baddf5d3f293e0b9f853642f72ce1c01c5486b172f21c71601141d973b,1
1642,9b034068144dc1c8f367dcc1d0940877c694565a6c15b2ee590634a8d512edac,1
1643,9b9ce4761f28f4909b0e7b92a7e87c457177c65b67520ea919398d1596323906,1
1644,9bc902433741dca5b42213117df28b6d7370b7f319a4dc4037dda24bc0f0e6ca,1
1645,9bc92c7b9a827ee4db94417ef76ee57d60042b99af2fef8026e598b62490d59c,1
1646,9bed29f3a63133a150669d0e0620ca81b6f6f4b75986550f88194bf05f782ce7,1
1647,9c000db0a09f743494d3453beb4e8650d5c085e7aea8520c2d002d8ddc509ced,1
1648,9c2256c4c1161754d223e142d1278d45471f6345e065e5ee8e465aba89f368f4,1
1649,9c34d304ac4b867b16a14c3965f5ff08fba11619f5e7d9c943ada729ba320284,1
1650,9c4d725579a4f8c05c05d9ca1cefb44f78b8ef368614ec8a79ca0e5b30d7edaa,1
1651,9c4fb1a657622be1b6743cf745964b1f3f535bb0d5c05989ec7f6d3171bd3c55,1
1652,9c5cc7d54031403e6a08dbbb46bf95e2a11ae5080c9c5982b113f0bc55cd30f4,1
1653,9c909f9e961098720f613723a8b9b7083b096e5238f616972027e3c6e1a9e512,1
1654,9cb57910d132a313d6da74000157f1ab69283ed33cb9dd980b6a6383b98b737c,1
1655,9cc88c9d01852cecd1b84dbdd51ccda23d31fbd15238e7a7f166af9b77d2f3a8,1
1656,9ccb5dea07d477fb8eb46ebc543d12ac2b4f34adbce75ee07b1a31e8c6e61bc7,1
1657,9cdb1bed76ecee6c8383ddfb8b2aef120bc0a846f255601d39d1f1a2905d76f5,1
1658,9cdb28cd32683ca8a388ebb1ad830db6efa91e88e10761f0d601c711e6b49660,1
1659,9cdf018200f92efae194839a0b15cb35c0d37a7534d3d0edaf49e431b14ae57c,1
1660,9ce5c69cd23e2804ef8d965bf775e1b7eb08d32a51f2073125e44c1baae61f25,1
1661,9cefe388a338fd6a85c1dfe4abccf2b1b0771417f84f53170a2eb328d698a667,1
1662,9d3ea3b15fbb14f228db98191a725621d524638decbd3a54b10a41a066c53e46,1
1663,9d6f52ea4e3b720004baf45bb6f605b289746be46228087d69edc24798ea7d52,1
1664,9d70b478bde9a52c61e43c15d0ab328ffb6bc6e4d30d5dfd010b55c1c6537b18,1
1665,9d7bd61a0fea095cb8a1d21f6a15917d6c4a15ec0233dce2a6dcf2775979cceb,1
1666,9d818bd91fc892f0cbeefc75f42fc2ba025900de9ee60c79ce53391a5844e2a0,1
1667,9d8703d5cad323778a2ee378b7d283f2f7418507f2b0c8281fc4775305ae0e79,1
1668,9d9053fc4fe4193672ae9538fc87a382cb4d0764f0bac6eafceefc844548d8d8,1
1669,9da91355710f9c4bb387bf2e58504bb1141bdf8901f28d5577a85ce3db0140af,1
1670,9dba0b5ce77dc2740b2007b9f49a33b0f980a6bf3b8d108465fed5f83b1c236d,1
1671,9ddff7847e5c3eb9348ede4b95560052f570bf0e646d496945f4f889c93b0ba5,1
1672,9e572a457711a91a03d9aad820ad14f5bd222afb87bf0263c963092c2ea0272e,1
1673,9e77b54253721c8b0de806d6394dc56995930d3c4a8e066ca731698f10e0ae41,1
1674,9e908833c3b744d356b469d5605cce3b843a2f6a769c8155cf2f1edc05f2e908,1
1675,9ea5808875bf23aa737f435eb71385f40b9cb9ce4a400f571007c5e2abe93666,1
1676,9ea978c7df3bdce9da198b0624d10f5b576114b994b6b6d694d09a4a5bef612c,1
1677,9eb18237e65ec0ea81ef331fab2c0711114cd95d6f614c7bfd40d1c0677f4e77,1
1678,9ee33bf8feb97772fe63fa8a82239d59adaad3bc3249c0df7b16d9fb18337526,1
1679,9eec819cd7013ee197c702a3609f7210bc4030a87a9c6ae084007cb58c58cb70,1
1680,9efe59bbb004d5382908b99071d1c2858b03894367905f9d80111df8af69cf15,1
1681,9f23ee32adc8e2e9bac55ad2ebaae125f74ee983f7adc104b7b378fd41457c58,1
1682,9f483bdb66a0f266b5d249b80f6791aec88daaca29b0a2e681c8e6dadf28fe07,1
1683,9f71865de095687071620699ed9286a76802aefea45729f3017cd7df5440e039,1
1684,9fe4784b019226c5f32107dc0db7e25e957f22e9fd9769aca4a18c90c0b1c605,1
1685,9fe81fafba3bd4b826c6e29acae28a1865c2b3fa237f0a7cf6f77ed4d1c3f850,1
1686,9fef4ac18d95b22a4a573bbb336b336c0004f473491d4c3b51aa980ee11801f0,1
1687,9ffe814cd85cfc7444710435c21a7cc603e29bc634345abfa264a92ffe824ef1,1
1688,a0233bf6c489aa1a40b437931902f109a3f8bab8695dadd6af58c777566dd0a4,1
1689,a06adcb62223a4c1074d2ffd16f32cd651b965efa354190acdde3747be7af922,1
1690,a0ded05aef4c184a960ce68749371349b053bf34b93fd3d3bbd76f490da9b05b,1
1691,a11eb0f8e17bce69584fdce8aac45adcc76a6967306e629666f0221bc85c601b,1
1692,a121667885f36cc93d2e187276c42c9ec6f5e764a76be1d2ea9a8fa210717441,1
1693,a1522f5f794bdfcd1daf2f6cc27f18008a39cec9d87ee10935e6e31b5feae501,1
1694,a1bab4891e431998929d6644a0be17ae86b87277bbd2c5d3508ccf3b23f1513d,1
1695,a1c66f0376b2ac8fec8a66ae732ef5bedb19bd199b0c1ad4a233f0ae0a541476,1
1696,a207e41a97d2eea2c3e794d938297debab56b8bd9d5e69ad5a6283e53856b95e,1
1697,a21f12b12ed8b71fcb69897f9dde9e5ee813a4a45c4e9e311b31aca87f128a10,1
1698,a29a8ed2b513b2012de8a6865cec82724fc7bff281eebc2acb1352cdc257071a,1
1699,a2c72119699017977c57fd90f792b05ed6e3c2224a685ca098a8f02ac632709f,1
1700,a2d3610dd9d46dbe12308a95930bb4da405983d37946149ea258dc4fbd62c88e,1
1701,a30592706b5140c12b583787cd4559ad52fedfc11a158ca8ffaaad68d7981e01,1
1702,a35998e71da0d6c89fdfda9314116b46459dac7c104c260e8b2198e5c5d6c4d8,1
1703,a3838233b1b8fc0b96b54a2a6fb3e87a7bac4d7b04b8f8a2b87f201f4165a8b4,1
1704,a393cb8e26443a8cd38263bb3f18b424b16b3bca18756a1291381f7992196a5c,1
1705,a3dc9a64a2972b5ed0637a9927323dc849b49c1781f7dda0b5d2de242c355756,1
1706,a3ef8bccfadf8460bf428c8df4eec31726ea8f609aebb92d395f589357853737,1
1707,a42fe6cb16e25ecca1b093b22af8406d334df2c80779c701847bed56aa3c2f57,1
1708,a4373f9c75dba7e6f50587744f466d2b1a82f587b2364d53a5706b45ca4d0ac5,1
1709,a43970fc8c86e05514564da45a2916186035a71866c004d780b34942f6007756,1
1710,a45e00aee543285b0f561189c67093f5da700dd6f99fbb2678e1d6434ffb42fe,1
1711,a483c6065162d6202fd56b069eaa00b4eb1f0edf65e3599160b9781ea59d6eb2,1
1712,a48a28c56c4c2d27488ececfc5033a8454d789d4311fe8080255c9dd8ccb69b6,1
1713,a4adade4a96008d267e064aa74d983870286d675fc28317c17e2dfd144629a55,1
1714,a4bbba0eec7f674e651a00719fe24f978f54259ef160a916917c8030ccc9dd0d,1
1715,a4f5a877a37a03dd83affb2186dc13e64c0436800a8ddfa23d8c4962524ff5cb,1
1716,a5163409c2edfd17288df3fe3ba5f50c6d37e20deeb66512533aafe67f7e2fa5,1
1717,a57283d2fda71fb88f05de8d7f20064e0af778e583d789d86eb1f4c17c632e8d,1
1718,a59e8a51efba3c395fc9a8be593f51c9f50a0d5646121829ffc7b32ad7cca4a8,1
1719,a5b9c9cbaa5c7a6d5df788795b11203ffc588f7eea82183eba3e3e0c6897f64f,1
1720,a5d083cebdc35e9d5ffe7e94da1ca91e58d8f2c7291b5141e2df4db4b4eeb80f,1
1721,a5e8275e8aa6a6799ba6792d9bcefc16f744c619f60b8ca92f09163f5a5ee3df,1
1722,a5fdf8a0e2daf9490e62a32e032f801af0dccdf18f9c1874ba6dc4e9d67e1756,1
1723,a615d4878fc9905b99640242327070257fbe1a7d0829688bd540a20cc6875c41,1
1724,a6dcbc3cf958348e674bb4180bc105b4257878f747c015bfa91e922252ad3147,1
1725,a704aa1009c0223247719d16da0a85df8a86ecce727c0092309e71fe7ead522d,1
1726,a72edb80f1061812037c1bac5ce150a68c2446a2081f9a89c6d96b93714ac4ef,1
1727,a74c98440a4762c4bbb89deeccad79df723c39191d547d6086eb455210863e81,1
1728,a760fd00efb02b21cce312a5807f02c218d06ed95d8d801f3deb81b3c99174ee,1
1729,a7924cd7e22342f4ac30bbb7bb27138f422fc213305a1363bb82bd3ad6fe5b5e,1
1730,a80a76aec7e323472393da633eec19630065e102d9046e2e67913ec62c2f1507,1
1731,a851aea12ffbecd68b445906956a704a40b737b90617eb9429ff53c240a29b38,1
1732,a867bf8fdf88f47dcb9c9f282bb492498d5fae7cc97bdbe59c83eccb5f99c3a6,1
1733,a8b1c6fb614cf444ea83a07ddcbc73cae6ba380020ba88c4c47847822d5dafcf,1
1734,a8c4687d423f4bd7476e9642a8d800b38f0cb83e337897026f4c028348bf5181,1
1735,a8c6def4f0bd3cd11bff1f259ddbd58eb6b46f9488bdcb23ea4a60d59a42ef0f,1
1736,a8f14bffd8bfd0e9bdcde57f8906194a7c3a92b209b38e649c15ea5e7e7e42d0,1
1737,a937507d2d8e4159a4bf97628308c3eaa0d633bd94866c4fff91e8b8b6a42e93,1
1738,a9521f56cc46b1f9287eb9367ec7078df6a60d028b538b577d86908b8d7ce67b,1
1739,a9af699db1eb9d4d2709a41ecac17bad39d861eee0b69fb8a18228db0f11d1f1,1
1740,aa12948ea26d88f3386d4f8693dadded2b03b1a55dd47f871357c3d6c9184f52,1
1741,aa464855adff8f5530d84e540bdad19cd72d8688276ab54b10d507b2f74d4d94,1
1742,aa7beb15f9fca54af5dea08185a28d1860891de0f8dd293d069ea09c0717fe7d,1
1743,aac1edf32fc12a3e883fc4a20e394c4f698790e70807be43515753e242915c77,1
1744,aac8d62ffae517cfb7ebe0feb3d3bcd2b34660116b99bb3c1bc0101d445f4b90,1
1745,aad165e2167bdf1ec573f7641e8275f45a105f6976e5eedbf1403a79182a8f6d,1
1746,aaf089fce42ef5cfb0617148e6d37be7090ef091301c0181d596d489b418f1ce,1
1747,aaf514086e413f3f24d342d9beb14cca124c453936d3e5bb3d793f2594ac64b6,1
1748,aaf92d0bcf7ea4b95d559743908d4edcd462b6fecfc6aac080c7e9c674cf22a4,1
1749,aafe3aabeeec748cbb4d50cad589743ad6a71b2fb74f656fbbbe01c3e530fbf1,1
1750,ab135a3ab31138b7166c4d7aff422ff4c71ddac95cd0adaeccbf38c1c86e37f4,1
1751,ab947b7f4069d00666533627db366f32242e9451a759af882134fd8ff76d5592,1
1752,abb2d4ac6807982d844d1f096384f85fe839f5ba2357acb0989cc34d81968b78,1
1753,abcc936545f0e9155a33db6c9eae0515b707b9825b2739a9ee0ee8d49ea7683d,1
1754,abf53f54402ff52f184f51bdc588afd2a89b2224bb41953f34cd45a141e4ef7e,1
1755,ac86ebc4050cfe6ffdae81cce6e1f3541590f722e25aef0e98e5513d93e4ca42,1
1756,ac9025a42afda7e3810a317c0a6d0cf7dad645862554ea5e7410d39869acd0b0,1
1757,aca0bbe347a04507ed94b146960cb0ce23c0f9ffdd79133460bdaef0e9dd914d,1
1758,ace16eb218754f6c14fa77b73d3e2a4425026bed59524565331327bc8f8a744c,1
1759,acf742c58150354fc90e82d977ac96c368e27629fadbc578bdbe376fd5baf9f2,1
1760,ad064f55455fa57b6f3d160f98f91e3af879f5bf163a30988a3dc1b605fa229a,1
1761,ad0ef82fc11d6c82e76b22604bf6fea2037796c02d3be6bbe554f7a3e57be580,1
1762,ad1d80f7d2127f60f16a3882c7d8c775482ccfa133725f677626d663a4b2a181,1
1763,ad330c422c0907ba9a59276d90187df119452806658f33f907f821ddcfa16fd3,1
1764,ad3f208cecf6469d3b13fef96347bab180b1fdec00da0c49bf832cf605550b4d,1
1765,ad4e34c7e4aa56332442878ed60dde97f594e7294feb8ba2f87ae5eb2e3629bc,1
1766,ad786c886e4ea5ba5c20ea45ea1caf62cae2a4fa46ad1091f5dcc83e1a8e6fd0,1
1767,ad83e9f5c8df196f23e8bcbd4a56578b1b109f61d4a304c59b805241545764f3,1
1768,ad8ea2b8f27168b842ea924532177ccf4c9bd357f53caa52fcad09d050cdb4f2,1
1769,adf1a6a8a48002145add9bcd5f9ddc167cbbc86ab41ade13fc2948e90441b5f9,1
1770,ae2dcd191764d514659cb52b35dfb642f0f8521263ca19b3fa398af83d576d04,1
1771,ae62d4bd3b1f30ad350f906eea8851770d8af9bc3d4b2b0bdfc2b274088a4c07,1
1772,aeeb94ca61f1ba1812c7bfa4841fe966d4b69cf5a5fd81329b3d809145f102fa,1
1773,aeef833e45081ec81bfaf44cf27e6b59964bf770f2f4b8c4e7b696666c9a3add,1
1774,af074c05b4e84f9abb1188f769bafcac94f0c19637667b8b5310dba7e4f73b64,1
1775,af3376bcaddc8709352c7046874bb2f991678736fd4fee3ffe5b066700729742,1
1776,af939fb014a45e7e24a0f1226b6a95f89124f29ff150a84522665eaa8eb33ed5,1
1777,afa6d7e842340465aca8754d443effc269f4c8bd7598f90994208be2edbe68c1,1
1778,afc68ab279677bc4718e16ce3937ccef1d2a20b9559884e2f2a0eee5c9029b8a,1
1779,b07e1a6373d5eeacb936c589b98e19e2d5654f68f61657243254c8e2189a4a0a,1
1780,b0c1c84cb530d2533d67a1f5e6adeb07cf2f2c2e3f2a1ab00182b6fa551845eb,1
1781,b0c403cf2b2545a6123b01afedbb5e6499af01c6f969e5c383e8a52e70d61d33,1
1782,b0cdfd79c3900f48757644d08482c670c33cfbb4424e561eb97f58faa8a35aad,1
1783,b13ee5eb3402d3f24bd0795b0211c919a8718c586b90165e4a3548603bad21f7,1
1784,b1b40bc3a635a6a1fe08b3b1d3c372c008e5398c39e25c23dcce5406ba8bf37f,1
1785,b225f57a57c966ffd178e75ea834dffda5f3f0cf80d97a4e19e4896ad21b27a0,1
1786,b247046208ccdc4468cd5c274ccf9898a5ede1f7391a023a6769cac7107cbe32,1
1787,b2aa669e95e3e8ed3692feb6e970948c4012a4afbeae78e489c91df89e7372b7,1
1788,b2bb0826f6b50e38eb82ae4846b2e8865a98e75a26a1bd76dca69b2df06c22a6,1
1789,b2d8406412ce1d0bb79d17bf34131e8869a474bcf454ef95c31f94ac97ae8619,1
1790,b2dd4cd95dcd96fdfda1610d138d1f1600670940503f0712e14c74bee4d82916,1
1791,b35cc3a6bff89ab6f1cb461ff5c99ff14c3e8f76c9753df5c5cb44890649f21d,1
1792,b36ef5c41506490fcbe374a0ca567f22758367343a61d59a8b1456203d8bc1b1,1
1793,b38a84e5d074b6e33adc53d4ba7e50fab0b430abedb55f00b8da89b0783d859c,1
1794,b3b71a92537231f2244ad998992400842bb0a75ea71b4c238851df10ba99906a,1
1795,b3b7f14b4f521b06df55833bcff2ef1eb2f5639cacf0483fd9d41f4413fd139e,1
1796,b3cf70e1d7caaf686665b3bd8793d52caf5776b11118340e47b7be3144cc55ec,1
1797,b3d3a188e26a8a2bd529574e6c73e123593c73fc46900c749582f03ea95169eb,1
1798,b3fdb466152219e29a26aa78ce14a6ac1d93676d5dc44efc9ede0cdda882f978,1
1799,b401e0fa5fed2bce92999c9b6cdad9ec41278313d0f7bb4ec955a5012a937754,1
1800,b4384bba55c37c9ba378780e246d19a56d7af183faeedbbca71732b42106179f,1
1801,b457bb311f3595dafae80448f1bc6b4c53ee459b59576bb665b8b0c2eaf28425,1
1802,b460d97b16a3a1a7bccdc6c618470029b5e20af6f4f6c0588b36d27a5722b17b,1
1803,b49385e72c0c8e599c1aa35b04b14d7d1b0ff03e3b4977a7ddf59a09d99c015d,1
1804,b49d79b317e548a06ff73c46850d37e41a605f8ffbb23337256c9a4006721b84,1
1805,b4a4c7cbf2849d75a1100e07e977bac2523cfe029a8890e51b9d3fa23dbc9ccb,1
1806,b4b2b257f97ee16cabfac496609ebad5cd8d6a77255782c71cb0544999a451aa,1
1807,b4b6007b27e7660ea0cb630d81adbe4ecaf5105434454a3eba19fca510557b96,1
1808,b4c9038ce3a13d930db0cda94a3f74f609b185f93ad7ab7e0f57bd1396406e7d,1
1809,b4de98389fd311047546c71d5264521297d6b9674026ba610d13ff6f976c66b7,1
1810,b52b3a99e32c3c5a3c7b0eb69330275c16d74dd75250cbebfb6154374a23a5a5,1
1811,b53c10685c5e98c2c7d65c097204c72d6e7d6faeb0d826060523784330f70c7f,1
1812,b552bec14e37e22421faed4b501cf5aabc4a96da905f3df0e2c2db9723926197,1
1813,b576ea21114f01ca90537163ebd3c411e15aef24a345b6618829d5fc6fbbef4d,1
1814,b5924f70970a93784d25e1c4dfee6fc718b3ed09e4281b3196057556ee0b7a72,1
1815,b5cc080af2def100bf5416c698cb8d2128cc4dde8571ebd6f377e875e5ba4a2b,1
1816,b6126c99f77733d9a06e64b2259f4a75a26fec8f8d0f6ea04b4565952c52d462,1
1817,b628c26a82ac10e16d24ea0bf79495d832c8ecb6472d2d124dcf9527b796b3df,1
1818,b634d536fa39bbebe187e46b38ee91f535e04617803208fbb9f4f3258a527e32,1
1819,b6602a42a84e759816458d9299cc9c300849f88297f521e2b3d4cd2853aaf2ce,1
1820,b6fa4621529267c4361fec19ab5d9932836d3fdae563ee8a4c71d6f56480da03,1
1821,b709473d997c42c31e73a78757275c673d368495b07c54757d52c0e39be0043e,1
1822,b71b1ca7fb5a951017cbd1e2bf8f1d54a8d685354bfeb677e05b2042841a29f3,1
1823,b77b7ddb07bb0bdea563d05b43ad021d1712880253380fe7d01c16b91400600c,1
1824,b783ebc69db4b1b02425ed6f9be25e8227431daee3de3e80fca5949db3d44843,1
1825,b7b93946ed583926464cc2f952cedcfb9062df2ccf86fd8e2f2a9bf3d4e2e668,1
1826,b8247ba6e896a32c44d60d5fa63709be8e718f4b39dfbb3f97ceae6d3592c737,1
1827,b826bed73411844b8fde98af04409ea6fcecc47c2d19df95f362d0cf447ed9d3,1
1828,b83d25af8036be92d3f357aa1f7d824b62898eaecf29bb775bb2ac47965c170c,1
1829,b845c8f0b5a83bee9016caeb167e4f4801439c3beca39e812ca1fb900b2111c5,1
1830,b8623b1b95986da65c69374ccd7772673cbf2030026d8dc899bc4583b18f1050,1
1831,b8a3649d95c3ecacab0f29b42960fbcc927f485c05cf6a9f74d4f954bb4cbccb,1
1832,b8ddf44f27f9042c3e2ef8c58e5b54804049a0c11f22ef6efa3775d3eea18306,1
1833,b8dfa50dad419f337afe4cbb7d801d2fbcb65350d164b142253b7da3264a7e25,1
1834,b9034b44758f05e050b79899cec9d8c8b8f79315371312886a556c77364792a8,1
1835,b91b873ca02025834b08d1b0fc301769de8606487b28323700cb9ede3642b8b9,1
1836,b936afc1f5d407babd13dff672184b8caa65bf5d2d6edbebc83d40ef436b5433,1
1837,b95bf293d97495c70daaae3640737ccf17e045543b1e2dfbf3e92166e58e0985,1
1838,b97811cf2ff018c2961625ac12e9d57cf856c3c7e340a68ff563ddc4149a105b,1
1839,b983181838dba0c5882142c89419840f027ef1182a48bb1cb077f8d99983b85a,1
1840,b9871a05350297d200cd6e1cf8bd17fb460c925523474df242f71d60610e89d8,1
1841,b98d4f7f5ae810703a96c749c7699799cbfc1f5db8fc35240881fa36d62604cd,1
1842,b9c0a92f10c9407185cc4de924e9d93ca53fda14cf4b1adc589a125ae2aed7b1,1
1843,b9ddb8cfbcb0e4e7759da3c039ba997b374d79b292aa294ed84e7c736a19566d,1
1844,b9e0789b7174277bf8ecbb5375c57511e586afe9159c515d28b71a09d2db4b61,1
1845,b9e4878c76d410237d0ceed28dfee8251328ba59e99a3e4bafd469540e400b9c,1
1846,ba1816d7429745fee0d4c384b6be1c1e34fb0a40790bb9311da95f4de897f7e4,1
1847,ba4780d2c0fce0ee64f64c2ab9586f3d3d2da821f12cbcc88217de75f625ea6f,1
1848,ba6163a97fb3e37b8ade68bcb5c6b0cfc712068f4b8a882e21c70770100c3b4a,1
1849,ba6eced605d27f12108c95a8c4f9dcc2b474acea1bce4be231edf57e7f43e842,1
1850,ba92643ea4d400a74319da3a44dbbb5689dadb621c86426cca569a5cff58b9f4,1
1851,ba9de621ce60d980e33a3338b9865ca566fb92dae569b1bd02accbeaa9baf200,1
1852,bb028ebbe893b9f9eb1d6f18ca2e51a5881529299906da46a9251eb16dc8f0e1,1
1853,bb065c7763146a2359ad01eb8e21f8b8c752321fa4ad744266d705333fbb36c7,1
1854,bb1f2295ef633aafed91ca7c3d2c443d19e17f8cf2552ae15f2288bd7d9bb05f,1
1855,bb526a0187a783f7bd26034306a5a19f499d62b2a5af0f089b35e34d511e7c2d,1
1856,bb7d0a6294f8f514054c6e6d7bd4e3897b3d41d2ac4271d075b3b6814c8217c3,1
1857,bbdc23c83edc86d8d5fbcd6f243d4f7ad676c4ed21551c3dd34b5d39ad705755,1
1858,bc127c391abd57fd2422f829df3c8106108bf9a9a3409e34c282ff3f5391d906,1
1859,bc1fb16161e7465fea6ab7905405dcd01f7aed3517f70011ff3de4f4d7700420,1
1860,bc65875d97df14fb91a26d809c1dcaf0e547cdacbf758279224b881e77370ab0,1
1861,bc7086d18295543e53ac184a276b341540812050b7f265fa079fabf01047f728,1
1862,bc716750df7f9d0c2e684744ceb90ab67ba84657d1e2d71e6672b0080fd0ca01,1
1863,bcc0b00624efd256d48b617f595987972823928e5987661a95b0509213c28183,1
1864,bd01f4fc8b8b2c674f9bd84a0aef5c2e18855d672b6bad70e732ac1e09eb99e5,1
1865,bd2e448c471bb48179426f72dad1e234aa1780517cc6c7efc106499aa156805c,1
1866,bd486a67d03013343458158805f50143c23a771f10e8bb53619ebe26e01f404b,1
1867,bd58f1ee08cf4efc421e37d5ada7e349bae11d55e9492d3506cce8894da755b3,1
1868,bd6956d7e9d77e075def09f39844edf519aa667dbd56839609a4b041b88c7521,1
1869,bdf1cf7ce36a042e48c543343b73afbe45cf665c2f5e1755cad2b81548f76fa8,1
1870,be259bb000ca61da3c17d929dd324ff91c670b1b99b2e3b895ae26db7e3d3abd,1
1871,be4f4e9cf88bd30c1ec1e201841e5aeb2c364294c6a2813bd535a57f07ec1504,1
1872,be4f7d9086dfc3a02504b465a6037980b66628ede87fcca2f8a18a7fd3bfb719,1
1873,be6a494e16c924c796102e30035bc55972e773d48cd761286ad30b04d54ac548,1
1874,be8af82f76d753612ae42e74767db5fef9de0032ae8b6c617cb2a96670c948c9,1
1875,bedb9a8ae0b8173d751e55152d3f939c9679a9bf2672d1487171d828d971ab23,1
1876,bede4a5a74458ed048bb9becbd7c42e8af2f04c27ac5423682dea894ec180130,1
1877,bf5660d411d27b6315cb488ce98104e591807d448fd99fc944e2c773e8f758e6,1
1878,bf906ae6e568321880649fa7ef0da026fe4c92dc67a23d85b1770a9408790221,1
1879,c083d6ca40451d6951814ebf48704efac570ff7178a46fb4c0ad93918a51fcf0,1
1880,c098de1dc63b31ab363db94f4aa18c376fffa82c94a3269b610a02003e3f58ff,1
1881,c0a9dafa69ac89cf7ffd51db5e601ca64fea89577fccb934565ff16b3a121a92,1
1882,c0dee70a2923c2208ad622b8d2be1ea264d442572f7f249bc3d2b114483f3892,1
1883,c0f0f6adf116758f1207ee112cb8feb38c3a3e478b42e2b22bd82c23c007b322,1
1884,c0f1e7ebf98de20a8df5d7cb7120556f2c5c77fac306a8823b968548baac6d6e,1
1885,c0fc5adf437ac83c5f00bfaa5a9503e17c3c718a5b41f65f26635a94c213f803,1
1886,c15211e6d91a6b0ecb2ea9e02dd44eef12788c5a82dda63d71565682ac363e9c,1
1887,c15b63caabe48e832c3ea26d9ca97597fb455d925b6a5b0e21d31da3246fd722,1
1888,c164a4cbcef9953dedc9d9018557d9572a9e33aa5e77d981f2be62f9a7f98018,1
1889,c169aaaa11c490a13ba63732c101b8fd15f152063c5f3094ef9d1417b91723f5,1
1890,c173147476b9ba445baaccb7bd41108c9417998f5fa3080f165ac249e7a6446d,1
1891,c17b867621df3a5b7c00996c3065dc6ebb7d968910c8137cec4fdc5eed679ef1,1
1892,c1acd40a4b5b4d492e0e15fa9fd56abd3fff7bec6d3d37de3b1418710a056c1d,1
1893,c1b69b000e039d42cdc0d9ca073c8503ad8adc4d51457f4fb161627f31dab81d,1
1894,c1c2c4a5ed5bb9b40cc9e0213a4393a57ab06185aae2182c1124dfc5fa4a1e20,1
1895,c3399d7edf60dd02c3bd9c6c12b0922ea4b31c41dc4e14a3dcfd507afdda6a46,1
1896,c3a27b95e9c527c90e746428b2fde1e05843bbe926cf058887644c4a55c78040,1
1897,c3e3f3fe5b9195d640381e948c76df346ff1a7924af60b013994d328e740a04b,1
1898,c416c7debb19a4ece5730e6098b34940f7daf52db6a4273b236adb60a2681e5a,1
1899,c42312c70fc11788585d8e1337bf15757020cf3c2c018316532fa5876f98d7b4,1
1900,c423733a867a52fb617fdf6ea96470a8bfbb43039d0d672bd46f4b8e5c2f0db4,1
1901,c4343b8fe384e5d3ec71bfa5aa0389a1cfd7d7ee637cac8c1110fc971c16ba24,1
1902,c434f5280f14f745afb5d1fe23e98c630ebee77bdc004d166652143a161b634a,1
1903,c43940556f4f1ad583ad1d6c301ea2f06287d7dc381182c0532f8e6ca0639f5c,1
1904,c441c84224d4be45b80629c2a8a57b3eefbb8b205bc299e5c2b7d0d42c3545f8,1
1905,c44253cc28b2539d7b2792cea265eeb559750879899f893a4147ef156075acd6,1
1906,c44441274210f44f394b33000bc11ed9caa279eaf64d91d31ef2d1d664fa9062,1
1907,c498dd3769c6be6a51a2d3545e5eb21730044b71671ab324ce276af86fd14246,1
1908,c4a2e13763bd63c52275aaaaf6556365694019d5a48df52d2b8481747be59898,1
1909,c4b7c4e8d56049ae9178790c8688d20f0c6d6b44dd00de7c5ef194a50a6dc485,1
1910,c4ba19b0127a58f0934665f061f0a827514e6709c50902265818b9eaa0cfd938,1
1911,c4c17b6b416be099669f1ac61c64e529fc70b5cea64b82bbfdbd1fed3b94d1c6,1
1912,c5322562182c6b7b8ec95e972141ccf3498aa0c103e73c3a7cba5677499d659a,1
1913,c550ea84c369e36938890a2fb136ee2222d4300d633a8884b912e5dfd67c06aa,1
1914,c5a2a79e3b44ecc09810f93069ab31c55c49ed814e2011d31057104d7c617fbd,1
1915,c5a2bad8367abaa25f86772dfe69b6b3192d962582e6a45f2d3c08b7a2f161d5,1
1916,c5d5c918ee7db5937d666ff233ab8901b592334686a2e859e6ad706c45631fbd,1
1917,c60ad6658e2054565a4cd1647165ffa69a49af2f227f2937f16ea5733160c325,1
1918,c63e1bc40bdbb88072e557628378df5c175ed1c45e92694cfe310ab273b01a3f,1
1919,c6716f82315d49c657f55b81baf4ee24bd150903fdf5ecac7f19cfab18a31172,1
1920,c6d739a4b6a49d7292fdeae6d1381d5c481d804b7c9a544e5ea58215dffa6aa4,1
1921,c7069c0ec0276243506e72db98e9545a75710c6f5d2391997eea589108ede317,1
1922,c72977e64861caf904efe924d81d3c3534478b6f86ea0251c231d317b3f81345,1
1923,c769fe17b50822c5f1ac769bda1a8271d1e9df0ebf43d86fb377981d83b40c6a,1
1924,c78125849384f43ee96d0b4c550e25c61925ec1b961b3abb1a052661f2050790,1
1925,c793c4bf661fe40322635dc7d7ce0e130b2f8463755db1fe2cd4f1f60f03943d,1
1926,c7fc6f1752f1549a26316bc2b34e57c7b6d4fb46fb0ad2de9c76e0fa47b63af3,1
1927,c80d1f81dd6e1e0e7338d60ed86de3f968018b9af4774e2b3155b08eb10fc8c1,1
1928,c85286bc44faa076c45f577267ca2966b4dd581c4e53481d9870e44180fddc58,1
1929,c87df3853f07f598ca6fad21c967cd546852b054327a6d3520bf34d2f4dadce4,1
1930,c882642d2bd85675bf36f9ee8c326c0442cb554bfa3932c132259d1d6698bc19,1
1931,c89abb1f367977231a989367e6d8b23cebb950c689c5c60cc488c4c019ad84b7,1
1932,c8b1713b62e361c832e740caae81cd45cd48a019746ff927c67013b6c9ab97e0,1
1933,c8c8373aff3e9c6a05090645216659fa5f97fe8aa69840670e714f149767371b,1
1934,c8e5fd4db571c3cb4490cc0296474f9a1a1f4b56846e819b13797a8cd0ba507d,1
1935,c9283b1869aea3e4b316f0d8ca2d1e58498167def1f1b9025dd0cac680c9450f,1
1936,c93fb92881f8595f426ebe2223f573d5d4f2b55913c73c8f621473a90defc216,1
1937,c942688c6acdb4021d48bb47a25d13250880b56bb2222feb837dec0e331d7300,1
1938,c956bbaf62ab4759652fc8a8afef5d93eba24b99074275d980ef1948e3f2fbc3,1
1939,c9c129e999108aa0881511b5a9031a2b767932a93ec97c0f36e58170aba592e2,1
1940,c9e061c6597ebd38c5b5d0e4d2f0cb56ce4bfe11174503d2fe335521a30e841e,1
1941,c9ffa99367697ae409d59cf2071f340f864a4cc4d75ac6b2c9597c8d5a55769b,1
1942,ca197b22a0df34520e89d09aacff3a3f2f7523bebb2191338dde1b17f3ea437a,1
1943,ca527203f01faa27c4e8f29c4ca90f0e7bd24ad6334eb6275c559651ef22e482,1
1944,ca6949a17387a0ce9741786e89f3ae13382ab4f44df32d93b9f31ac1274eb027,1
1945,cab0171481895fe2b96ae732be8662e5c36798bb1dc7ef5d1c6291c0ec9e18c2,1
1946,cacb7eaae0886912f197ceaa5da9d5c08e7f63fb3e83d44bf34be13a22163561,1
1947,cae2b1d5f2b2f6b2f6938062bb671bb05b8d62cf029e61ab8f4b41b6e2540ec4,1
1948,cafa7d4c540f236a53bfad16c1447c687d1ff138252d3ef2ee2724ceb6044f3d,1
1949,cb30dc5bc4906c8e0a0e56e98808808526cec41a52f89ab31eae71af1fd69d6b,1
1950,cb491d1115b3ba9f6a78b7b5d2981a585ad83b99c4a207299b2163ecfb8ea6ac,1
1951,cb84229a5f4a6b170bccd907a7ee93054ac5b0f0d598db5576b06c9f562fda85,1
1952,cbccadfbfe20809670537ede076a08d2313fc7f3e3e05e3e2affc08e99f1f859,1
1953,cbef5ade60cb4370fdd5b6c5ddc9427a7271a41fc5e5633060d6460baa69953c,1
1954,cbf5fcfade0ebc63ef2aad50bffee4782545f03e5b12bfcbc63560012b7699b2,1
1955,cc199ea035d9e8798ca2d8fd51849660dc732cb539663ce7bfa08d48e3651d8b,1
1956,cc19d4309cf1ff2dd2c9a37c1ee4dca21b71f129e63e7e035fadd3839c0ca81b,1
1957,cc1c95cdf5be5ba24512eebc1a7bf5c0be3e292f91c812c53a0f91cf901b836f,1
1958,cc48d9250ddcc3f37d64365d69740211638d91eb49641edd9c55c5c78aa97bcc,1
1959,cc660538edf834e925b9c27b4d729f90b45726fae5379ca9fea961584a1900fe,1
1960,cc7222aa6c8adc37d747721e63e2c6f21e801a910972dabccc0bdd0a1d402475,1
1961,cc72d28c684e3e7d8c0e9a7bbbf132e22a45da0144db987e5a985a3ca9842b72,1
1962,cc94a98c7b402c960d82a2502653a0db820b08dd1c8ad5a71cf2beab008871d3,1
1963,cca8b64267e321621535ad15bed90331025fb2389488db0051642ac1ff71d61c,1
1964,ccb5f2c9ba979512987534585b5a44919844b1b03c59cd8a06440b304f833dfe,1
1965,ccbbcb644fc94ada9c6fea150eec2e40cdb7c88ba7bffce8b71d19d8cd3e14f6,1
1966,cccf4bcc989ca6af839529d02eda0f658087033decd101455be77ddddb9db6f8,1
1967,cd03d4630b051a97a10dbe812fc54a0d404821ac920776e09d543110d37e1457,1
1968,cd3310f9a202a511a895e67178afd387eb10819fbe3b361e8d74e96debec0f2f,1
1969,cd3ca66fff13ab5fefc015d921cf4c86753a81baf902e0901ab91382b630cfb8,1
1970,cd9fcc0537869838f58c513e686589f33f0f800d55631f76df0afe57463da035,1
1971,cdc17a291fffe3092eca065bd0c0093c59d37eeecd1e4acd68a551a7cad34c42,1
1972,cdf3a7bcdaee25648c5d77233062e2bd86b9aba778177e6c90d64f3aa677947f,1
1973,cdf906fb9bd9bd4da27c51e4a68a43942b8572e6320c70e3b75f84e5b1c75e17,1
1974,cdff962744e4c860563c6e8d25c7ab2159859a955d792d9f28203c8af4c9836c,1
1975,ce14251d07e758697ffbc38a6f75ee6ecdaaa178f2465e7de81a6570366aea10,1
1976,ce283dd093e465ee46816a1d359a1d888c5f271c30c4abc775e5db93c8539ef1,1
1977,ce64b37d24f82e11688a68994f681f953e74283802f0e0fa893c8a0caba08a89,1
1978,ce8988c61ce046d7837f4f4e1961735ce70b3a8c48d153628b8509217e232b72,1
1979,cea296334638ab3ec2f6f059041d35b895b6021de0843f5c318bdc26a61daf0c,1
1980,ceb93317275b778605cf87df4b68bb53f4be1532892e309355ffe6542489e1b6,1
1981,cebe7a514ab160b424ce7f86ff5a1c403afb4b0798a0528c6012de1933d56040,1
1982,ceca243ab64aed02498a985973d50d5bde0bbc21503b9ead4e112b83bc048012,1
1983,ced07e528a9b4bf2e4e646783139a1a2ecd9d921b741cc7ac7ab3b030c3f4471,1
1984,cf5a5c2632911b4ffbdac839887623a7b410bea895c2d8b7a347f94ff0be1246,1
1985,cf659d3161d2ecec3e3fa15bd5e29940266c5b8456c530dd06137f31190edecd,1
1986,cf6f9e16ff722fc688d14b7a63a3cec51c4ad32e8473f04ac8451ad638c63e9a,1
1987,cfb06f48fb293ff8401540a6c7e8502f39bdaa99a9e782b9d53880960eef4c8a,1
1988,d0a12e44ff3b7886ed9c1b02e31e3485337892459e5ba847a968b8fbe679e8b7,1
1989,d0afc837d7d14e02824bc7c27f283fcb352152592ce81e7ebd2955d18c942227,1
1990,d0c7294a90a62a753e3ea5979361419eee9705ad0338b8e6201b0627fdf55dbd,1
1991,d0eaf617ef3c5804e186c7b39c4915b45946ee7a73eec7d9c404bd08294328a7,1
1992,d10a15cb235dc71cb9795a48507138b374a4a7884dc9f4a883057f0fd1d7f225,1
1993,d15697008fa1dfe3b4f8c2d00702deac050489c4b3efebf77474669b38ccba0f,1
1994,d17b279eb36905b97674c7a9715ccbc161f059a10654cfdcdc45ccf9d5e94564,1
1995,d1ac512737f7074f22d470d6fc6c6c180cdf6fc7c534fe193788d4f668cd9dbf,1
1996,d1c034cea658dfe7f6bf85bca2f15a933df67293aba18ce3711b3932033a744e,1
1997,d1c71d5b7309a0687ace6b723010db546c5d4140da4abdee35536caaa08e2b16,1
1998,d1e4c63d93deffdbdfbf57a1326f5cf639b5f74c270d7f248f1c0b2dd353b749,1
1999,d1f511c9734a66c91cfe80ebd4d8f6151a823798362bb9bca6f428bbc3174e0d,1
2000,d2200e1ff187594a8bbe4c2801c2b4c7f3b0ecda2895b5469445628e911f6821,1
2001,d2b9d0ad33c0aafae87ed4408255bbb5631d909a2ac7d417ff2f9cf5561131d9,1
2002,d2b9d67495fab3708557f25f3c2bc78837958f11fb0873742227cb3629088e28,1
2003,d2e6a218020966c46ac7681a2b482062e9b4d25efdd94f8e6a81c53ddf8294bb,1
2004,d30b7db442f20cbea8b775f65aaeb7dc23f9e52cccf7a62c32adba28b5ba3aa5,1
2005,d32b32537ae33c3d357de267bc4acff1125f750ee14c5cd47cebb8c091d2436c,1
2006,d3532c952e2b60bfc43d9229b1a2966c945b55324fc54d0cca115675da711a28,1
2007,d359ecd3d1f2ee4394f1e2fece294c3cb112aa9498797b875f43b67e668d60de,1
2008,d365f1463553a9a85bfc29acd625730631a7bf0f66ef95c819a28bf2d390587d,1
2009,d36c64fc835cdd4046e109e3ee8702b61dc32dc4b2603a4be261de0666730a33,1
2010,d3bbad1c3a1c3545718b02f59d540326badfc58d0ec94172dca630742e7955cf,1
2011,d40ad0df337ee3a8e6497de95ee71e2a03c27864152adb2631062163ea4d7d49,1
2012,d45064b5c6bfa0562e63ce1745cd9091af158e1ea708d277b98fbe5b5f7ede2f,1
2013,d4d43fb717f15d011c13ffde4505859b3fb8b0e8c00def9b4baae831265ebd77,1
2014,d50e975f6b1038957180c48313033d2c5cae41504cd7074ea151770186f77af1,1
2015,d51b4d7b8b361e2fb293c700e23b05e4083bc09e2964443d627e9cd6fd021ad8,1
2016,d52d8004b9d81cc7dc674ea0700a800ea405d4bbc54d12616947b7200013609e,1
2017,d537a80e00538bdda02f73786179a3dee9e6986edae83069d8131643e113e74e,1
2018,d56daec9811f4fca6b6cb98a43b6e2b9b27c04866eb75f1bef0259ebee1dcbff,1
2019,d5720f891e7c91b2c7a43b1a773a9075a5bf6fd5214a23f6127e08e8bc5ef039,1
2020,d5821268fdc504e9080fe7de4c3e45db13f6524d68e8c238010e910eb6902a2e,1
2021,d66cceaf2586e9c8950e4bac5c48c536b33506ade717b3c91b733d8497225f22,1
2022,d6acce1439672d7b024063e4e218b87c17fe8396066de51ffb677afb511704d1,1
2023,d6ad09e28f879ceb825b29182f7ffbac99457fc59989d3e7844ea3e372397d8c,1
2024,d6dda53529eee391e63cd65c76652ef3d6c67f9eb6c10b3bdda4a50c998f5adc,1
2025,d70af7ccf6f6c9ef21704bd1b01e63dc19c64cf18ba143163f8377fdeaa4a40d,1
2026,d753cbb11f962525dfc1ad0634fa05b407a70829ef9583fdd20bcf284a6e9f1f,1
2027,d75b9c4046f94a31479c5dfe0ad2da40f1fa95b7b400bb2e634e404ec38ea5ad,1
2028,d7d38235a7cb430506d8bebca97170c3fe85dbbbc06130eb3a62cdfb4be4e3ec,1
2029,d7e816f2dd94951d73aca21d17cc5e5db194679b391952af09d41f147d879caa,1
2030,d89bbc8e954e0babd7dcd1644e66857944970af4442f49637cb6ff4a05286cae,1
2031,d8cbedf3ef2adc843d9e0f7c0c161efe24d6094a99ad9fa316383f7eebded20d,1
2032,d8d07ed9a98a5d31f60575e7a285f63e6ab73fd54856148f32fd7f9199ad9b6b,1
2033,d8e9d3dae718d96e8fdbfff03893606d37f13555b8587f40a61e55da005425f2,1
2034,d8fe1d6507c0bc7b4cb26cdfb072be6a01d6805e0e8fc4750b119a7f7367221a,1
2035,d92c79aaefae5cdd762a2bc11d467194ff892a740337b6a777e185645deeedab,1
2036,d9bbd2eab63ec4a518aff6d6f3a25d8b6cfb033478ac4172a67d7c8aeea3ae57,1
2037,d9e46b417b269e29a397b71b525462a2dcf9c0b67a77169177d86236ee2a8fb7,1
2038,da0a65b73c5983561558e9adc73760a9d2564e4e9cdececead2c0763321d4559,1
2039,da54a6fe2c66eaa6ff31ffcacb4086a2f6df54326b0bab874ea8fb8985e4634e,1
2040,da87a76151a1ce7f42b2b174775853c46b88e8959eb6bcac97e751dffdb952bf,1
2041,dac700572b05111a12911ad62bd9691ce17784a6389443245806433194d30a65,1
2042,dacac1fa3c9ee48e7caceb6b422e52c6642abef111d83af13e37aec2e83d0a60,1
2043,db07b4be0a4721e699cf7ee5a57b9554878900edbefd64b3baad549b95fd7efc,1
2044,db0b6ecbd47933e957a348ea4f51304182f3e8aec2cf1dd19c085ba1b7b02e1b,1
2045,db153ca7d6c2f290386de939caee9ae18a448340ba4acffda192e553d433bb19,1
2046,db7b240d4febff423bf2f1edf20e57ce5f416c9b2a1037075da9b117ed22b9c8,1
2047,dba9ae9a573dc305b7f618a277b4272f519fdd1285b28866350851a91be26e99,1
2048,dbb4583267ad40a7dfd854ee3c44ce4be38e137d0570e3eb76cf1854a74e7246,1
2049,dbd4b42ab81ae94ed314a53a2983d2b215b2083979852a394a58c924fc01fdb9,1
2050,dbea9133b17880d407d49707229503a253ce454c2d99c966bdabbd7644788e68,1
2051,dbfd3964a36d27208d673a9b2afdf03e71d18b1364d26582e21c1faa22a31464,1
2052,dc14bcbae479de660ac5c96d11e3f708c27e8afc0d95eb22af85ba1cf7b813f1,1
2053,dc2d2d992c92083294b78bcd153d905f40caa649a4bda2ca868707ad252d671c,1
2054,dc39d276b6fa98b4603b9036e576bc4149b5c103425ff5e01b63df2898671ac3,1
2055,dc4d113d8a445cea4e1d6de240252e40a916ddfdbb2a0fab35e69bec999fed37,1
2056,dc5d5db8fadcb44426240cd6499148067ade131690645666238c0b9af78ad6e9,1
2057,dc5f8b815e7b46100ad27b700d373a9597d77907273ab68e4111e78388beea91,1
2058,dc7c25b2bbc72d8ce0d53c9c81fd1c658f390e8748c67000d4df438c027b14f3,1
2059,dc9cf045d5d256ca997fac2a8c71d8cad33da02a4930b385e4fd8d43630e94f4,1
2060,dcdd9e9a854db6e5cb151c0c42284b8efb24bd372e9195ef13bb5ba26f968c31,1
2061,dd71ea2fa287091721ca97358ff1d90dc7a5cfefe832ca7427e86dc9d4e408ce,1
2062,dd8897fdce396bbc03cd309c3c205ffb2a6b707ca067325b14de9f9e5203c1ff,1
2063,ddc70cdbea35bde4b8841c35d4c15768fa12f5b5f6806bb1891f1d008fc28674,1
2064,ddeb08860f4266722328027ec82d63db17cc8e6a5710c8335e0108ac43e43c61,1
2065,ddf8a22dd49a5c95a6136bc69341b2e3a65742d40010010d4289bcbc43c589a3,1
2066,de004630ee8eb3e673a0e8a8570860ec30cef53bd9ef034a642b46186b56da5f,1
2067,de08891fe7d0377f462ef8cab7d9c02d75272ba45da940f41116639d35b9adc6,1
2068,de1562044338a8fc24b8cce5127b398fca4bc82dcbb74d835f57426292609f94,1
2069,de7930cf6244841ce0216180725db072895b6ce48a35b9f55bd27c6bf2746cf9,1
2070,de85c7d4650c28dad80c7880b044ef13d4ec78550aabcf0b7a0e0e91bea7b0d6,1
2071,de8d447cca247772d10df2c50a00dec80edfc10dc8e67ef95505b65fc951f21f,1
2072,de8ea789160c0ae3dfc57790a3485f576ac296b53cab9e0cf4c10bddf1ed7cca,1
2073,dea9a269a699c7ecb07d8823269358fcfcb56979fb8eb5a5d1f22df8485ebc23,1
2074,deb803dd0fcb807ccdcf264fe964b5df9f0f4788d97f45df085dccc9c8f6e98e,1
2075,dec92df1769ca135a9e6b996b7ce13fa0197d2382a7f97c227843a008684a6b7,1
2076,dedc7d9fb5644ca0c78d360d6718c23d2221f44515a60246942cd27c747214d7,1
2077,def2f1d27d2100f82e66123f6101140207a632afa4ea01bcf1c55b7ff54a2891,1
2078,df1c318f12163d37a9ecdf6d8d700e96027f18e904ea3f4b746b2cbbeaca2de0,1
2079,df438c2fe190f8e5505244cced680172c183852f16b6818038282839632a0ecd,1
2080,df605c5aec1066fc30e9eca879c06071a6d979386441bc96fcf3dd51f2abf166,1
2081,df838a0d842e57595e212a968b5910036259548731632d22ba451487f8c796e6,1
2082,df9beaded7a6356bbd47a11a12b7ba0fa15208bfadbb9611305c36efe8e33e9e,1
2083,dfd2b38e38eb3d3ee193b6414998eb9a5b772cec9acb363399c4fad7dc74739a,1
2084,dfd87e8f2e36154e8547e1472735e1244edc288ff70f070dd824000c2f987f3f,1
2085,e01c9b063846a8b60d38a15db123d9a87e18d035a6c69f7c8abd6da924894060,1
2086,e01de6d101bf3b70359feea0e44e8fe98b05df688611dd2202ad27a3f63832a2,1
2087,e076a0d48cce8f22a08a8065c0d5a61c6b87f8fe4de29626f9e0237faafe8a51,1
2088,e089cb73d9e3b5690445bcb061f4f0ff1f07d3347920309056397d180c6b00ee,1
2089,e09e6c8173dff5a3038ea044c64928f2bb9fcceb7c14701eeea42240edad3a8e,1
2090,e0eccee7e5ba4cf9bbda486aed1830038cde7d90bf63c1790d64f8732a6ad2c3,1
2091,e10105a6129c6a2928be361b323283b432329a873716596349eaa3c4292e9522,1
2092,e11b28e97d20525c7953c12e526d26efbc08c9404303534d7535343c608d4de3,1
2093,e11c2e2d7944f9a33ac5c9c8543eac055badbecb1cca87f6c782a41adc5a59e4,1
2094,e1357798c9823981f7a2fa965b1ffad46f5750ebc7663a956a2720b2cdb86c4b,1
2095,e143a3d757551c7dcc7543aa5c65374475c867a03f6af3e03cf117eebb2d4843,1
2096,e1a12ca541eb1f0911edce07bc65f74441a4e4b0608e3121778c64b728ba9c6a,1
2097,e1ca0d3b937963d507ec56031cd8c4b9e63ee8b2c1e318c6b6f2bd183fe49ec0,1
2098,e1ce7b860f4760758247b8bc9588187b3296aec078384718888d17a6f1149481,1
2099,e1d179ab4887ded5fb4edd0ce6f6ad17aa5c35ac84b9039b9556a1fbf39e7a9a,1
2100,e1e2d8891eb0211bc4e4a730523122a55bc079d5c0fac5df6c51336a8e69e48a,1
2101,e1e8b050a66fb1a2fde90dce8f8f9ad7084a6275357e328e505e7d6690636fdd,1
2102,e2424ac54420f01eeb1552a5efaacbca33085feb1f8114e2dd52d400c06d41e3,1
2103,e2ab6868b626195bbe1679ead9b0263c8ba212ec7cf5ad86fa79179d052635de,1
2104,e2ff8db1c4cba589f6a5cc4722f61addd24b44958546632704b6fbf156e17aed,1
2105,e3203b8ce32a5e35f42af2f50a8f2012fc3a56062467832072dcecf88d0ebb2e,1
2106,e340da95a8eef34f54dc0f162a29aaba7a10ecb534dabe6f0b48b1908fcafa01,1
2107,e341f658fac6161d4fe1f05e950f22f7b5ba1844c10600dfe2b41bf6a848a445,1
2108,e35993d77a3332a71bc2ad565f8990bea5518e2ebde382299436fef27a65c5c9,1
2109,e3627a8860e619efe2edd22626acdf6f2ea298ec1b2200fbf359163312c0037a,1
2110,e362c84bf0e664e0f5c6ac82c3929d84732cfa3ca4f0a16a28e9aab2a3a52031,1
2111,e364bf5ca13e8b038f8706ad1694dc8a14667e94db3685d3099291c54c433163,1
2112,e3bbe2455f39b4e938d331ef5d2fa727ff7871e643e44544bcfe62de622497a9,1
2113,e3d8862ee2e690953386013c533b6840ba7d1265bf99df213f9d1f93a171ecac,1
2114,e3de51e9620ee30757995c3a34334d5f8b693f2fc007c0b0e437c38ce639b2ee,1
2115,e3e808cd10db2984730e7178d284b695691f84d2715d4227fe931f5d8ef215ae,1
2116,e41b1c2561f03d4c868e433072bb6a92ddd13d839de82c942d9bf166ca81415d,1
2117,e436550318f86fb54cf95201a3f6d1e80b54c0de4edebb6efb985d957e8e2322,1
2118,e464c375472b428c15ed9bb654a40cbedc57b0963b1a93f35a1d0550c3ef642d,1
2119,e483dbb84ec4cad6216bf9b5f4b51c614bb396f34951e0a1247588e17a4cd081,1
2120,e4a3fd1d5f27993df0c12b578101b9097ba41ac91fdaa827f6a5e06d9ecc4c07,1
2121,e4cab52f452313c7eeec5462d8b15d90b85eb73286f15435bd90c1470f411a69,1
2122,e4fd82cbfc07b1d19c7990477688abd3049d31045a0d483f002082bbe9a9d477,1
2123,e535f51abe11fc838043c28ea03d741e39833ba3bf039b36e871b2c1b617293b,1
2124,e5742a10c5d92817cc6bf56cc628c573c6c75ed06955781da6a7d3f5d03a7a3c,1
2125,e5c8eed27333eebd2200689e5d8c25832a94df60854a19fe1548bded4ab17fae,1
2126,e641ac4688e63c9e0cc557063fba1b30f977097abb653d60f19c3feb5f2bff68,1
2127,e66d988237fdfbc86857e2d0d304cb0030cbed237809ff8806a2309c17bf3d97,1
2128,e6844e7ce5f72af986df746b607228d17021fbc363608d31685837267064afe9,1
2129,e6caf42826992c211bb42b75216b9eac58b1fd2d3ae9c41435984f0a0053d404,1
2130,e6d4d59599ca5e40640611e2012736e90392dc117a5d3099480aae9009101e13,1
2131,e6f00dc54687e15351cf1fd01000f35c82ee207c9896818cf3757c984068b67e,1
2132,e72bb6cabc64033bf9b02116f68acb5c6cb0004bbad27df94c3d2e7c2d0deaf1,1
2133,e7599d914ddf8ec9d8cdc94c7497b3a247e94d7396c93a8b7aaba6041628384b,1
2134,e7fa6851559775a83dc9a3d365adcbbceaa1f26765c07a1673104b66c9a754db,1
2135,e805c3d50e50f5ba9b2afc3888afa29c9bf27a52625cb4080e4fa403e3b74f58,1
2136,e80ff8d7e10f9601079c6f8f7c844c1d805e845b45410ab7080a915bf150c3f5,1
2137,e816ecef45c7e72931343d948532b5709db51f150fd708b8e22810ccf16e4dc4,1
2138,e81c7a9dd35d948b01dcf7a364a50736bf7d0485fa7bd4914f0efd3d288ca33f,1
2139,e820060e11f209259d491214c8c50ed98b96c967d03a7c6cf6661da1855c69f8,1
2140,e853dd37c60c0763d4cd2d6875b720bb243b6635fe928badc6f0244292e32307,1
2141,e87ee36948e9ce391fa778556db0bc0b5ce69cf2c20403dc07193c9cb84d23e5,1
2142,e87f0ac626cc5e5eff958cf8fdcec8917014ddcdcef8c53708371c7e7a020bbb,1
2143,e87fc1e1b49a779d7e6fb00e09948861272ef81a64568af79090e1015fd5bdeb,1
2144,e897f49d690e1a1c9f96ec484dc51d203f8d878b1682609ffb1f9517bef9b0b1,1
2145,e8ade556a2dbae29c7d40669d8865e790e0d58c9705f2476e865b165dd3cf0e5,1
2146,e8c37d473573a295d6e0e5f95afa034696be5a526f3c0e2232e91aef3ca28dde,1
2147,e964836a64e850a67960ac89a89823b0a86de567cbe711b3151cf71c7c159e7e,1
2148,e970562e8c8843188c985b5f79f48f583a7a6a5cf3b9236519620bff571a0b33,1
2149,e9b7ceb945f144bb4c0dd499b1eac0f042bba2ca6644f5ad50a82e91e1e3ee4d,1
2150,e9bea8ce7ddca87b236707bd1c045202cafe13b613e78eff0300dfdc2d05d109,1
2151,e9cdaa827ee81003205f6f3e207890995cd15db8091bcffa91ca8bf0c2e2f7c9,1
2152,e9e426199b3ceafc87c4c6ca4131b6ab527f3146c6d6df9956c0825850d4944f,1
2153,ea029c73cfdc9356db0455f05a955648cfdfc77a7372daf1290c6c4c0c244443,1
2154,ea061f2bd1be9f425923b3b7476c4e9ab2051904f71489ed319db004bc26544e,1
2155,ea2124e03e270c86f1684f568288cd8754dc7c33e64a5fc8e6eeb51168f70498,1
2156,ea362b81a1b981ec8db57e40995154d4dfdaedb66ea1e42d39cfeb8226d6e594,1
2157,ea8669b11f7c496494b76102124e0aae2d9c1a57d9a9df233e030d3c9eae1344,1
2158,eaa13a9836a71a2d6f2053d7b8d344a6fb5f531e51e68c4f3ea5d929be512bc1,1
2159,eaa328f7fa24cc179867a2a21754ffa3b5cfd9642a83d23b009b38d70abda84e,1
2160,eabd04b124f11bc4b5d0d302b039208020ca1b8d0236ac84a79af7889cb183ea,1
2161,eb0fceda486ca3c219775422a136e2e794638499adbdf48fa583938e2309445e,1
2162,eb11691204974f135ad66fc27a8fc3a0c65b0fb0717d2740baa357e37dd3bc77,1
2163,eb350ba04c7db09694fc479ed721d80212ce94dd03ba8b48bc37b8ac55d0de13,1
2164,eb5aacfa068c52e5b21fae3254b2facf575922eb129a03572df6ed4daf555a3c,1
2165,eb6af9e654ef1e21dd46d8ba0393b1daed04492d38e886b1b3dc9b8a74bfccd6,1
2166,eb7bfa2ddaf185002afefb03707c332fb067e44cc8259145c4b370cd06a1ee93,1
2167,ebc3d680ef96b0cfc01dacbf9a007f0eda2872c37eff07de9c83fabd98c339a5,1
2168,ec008ee39f9ce6a46aa9c744bd523c5179bc4bcbce5a9e0589002f1f0747ac31,1
2169,ec23ced3781d0228af54132e54d6e592c66f739b207b3cd64c1a32c069579a98,1
2170,ec241f5dbf6dbd26c19fdf15faaccba11b87e0dc8965b6d99263b550aedfd5a0,1
2171,ec2c932eeacd63ef17509258b560353509dd247818bf5028b36ccfd1dafce913,1
2172,ec40eec3eac022e8fde9347259210a154f3274b406b624fd39a96a8c796a28e3,1
2173,ec6c81ba87fd1e8f5d7d7fb46202068931c17e37fb102fc59b9a2150e231cc41,1
2174,ec8ec5828b34b9f5fcfaef0c5af22e1f5d642213379c8dcb427ff489a0558592,1
2175,ecca510913ca82fe601156342a5dc70e9ec52fa2f7bd919b8e0895961ef1d01f,1
2176,ecd36a4d8bccce49c9bc126773a38a4358446e103519f49e49b32fb6cdb0b38c,1
2177,ed2a8887c5e2c73dceeae4a99d1d373781b492cdd0214946990a189c22c7eaf4,1
2178,eda5a8568d982c59a74a224d4322678b0f2995a23e4be08cf8ffe245e077315c,1
2179,edb87bed3e893979d60d45a625c0237a6b68782eb843ffc806f9a469a85a4f45,1
2180,edd61fa53132fd35a7e3678f57d510d2a9c416852d52cd0ccbbffc75963bb4ea,1
2181,eddd54ebabd597b101e81a411c9516ef272a0a1f24200a220db062d8a7f3e525,1
2182,edf92e61182e7a1ffb7871107d9f63794b514e83d78dfe952deb9e33765d0bb6,1
2183,ee1484c8255b1413190220bc50f0ce6190c11d8bee91662a53e71f2351e9abab,1
2184,ee591b1a7a00beff258dbb862f65331f50e216f155c857d896a0f0e134f82923,1
2185,eec2a011e2d63f7648f90c31df2b3483c5137a8d51c13ab26a5d91dddb4df980,1
2186,eec4ebf3a12da1361a87bb216c58a00bf35ff69e7eaa7c61de664fa25902b5aa,1
2187,eed3340b29ea0660423875a634741274a0492eae3270c19984b59ed92442c998,1
2188,eef2e797ff7d577903aa49607bf4311c3f11fe82cedc09bf7f9f036b9836d693,1
2189,eefcae1fe14c098e40ac99f10032a6b213243327678a75a097fa283e4e4f31b9,1
2190,ef0ba5f40ef6e61f65f2e457c815556d1d787e8a0cd81e43ffcbaa41ee2bac0a,1
2191,efd57f555ceb0efd2c9e6fce132f506be3f6c26865f34d445dd43408e9052c41,1
2192,effb8bb97a7a1c143886c2382652ac9c0ecb34d0c3ef4d5f80cfe48268cf1e43,1
2193,f013282f1e2a7a287c97c5ede0b39f838e1a48cf4d838b734a4105e37466372d,1
2194,f01a5c9c29533676174e58ed31fdcf58e7f4e6e00ac8998279e02f3a355e0824,1
2195,f0263fe3aedcdd9c588b26514fb7645c5e1e3ce3fb82d233105a8ef4dbdd7f6e,1
2196,f05cd7217b808b8982a6eb95bda175b22a03f86b6e93ab5f7f3b05df79bed8f4,1
2197,f06aba2691c1f795afde2028619dcdcf2b45f42c3d73fe0da813eba3476ee9bc,1
2198,f0957979c84e064c0189c70ddd23383061217a22f82d4263b8f15cfa0d0e1b34,1
2199,f0cda254e6c326667291ad89aec23525ad468d377f3e9575186ae686a43367d0,1
2200,f0f71f28c79234d487ebb58c02e0381c4e5e003906e2eb7c26e142a29370678a,1
2201,f1137321c629dd9a75ffbf184c97554bcfee0947e6342036fef2c61c4b2733f4,1
2202,f115e4cfe62810cebaa5413dbd8b38d978371d46f8b30aff8db861d8a0eef420,1
2203,f140cf121ef756e603d5516d07d9c4385c2d702f5ab056127f9d9810983b96f7,1
2204,f14cfd9dc6a6d30cd4be00c05fb79d4bf2d36aa404a9057cfab6de77d36fcc10,1
2205,f185848218fe38ec235dd69cd07452eeb30529f4160c7fec1a7e12f8329995b7,1
2206,f1cf5840c8383ca814ff75bc63cb7fb35a36b91469de383da7f5fafad64e539c,1
2207,f238a0cad3c9319e09ad38b70d472bdcf43d810e3fb0e2e8aeee54be03def046,1
2208,f25a2e1d0cd4209f36a7b870b03e3ab735815a651fec71c432ddc2720a87db22,1
2209,f26e8c2b75987f39e3855113c6dc339d30a6aab651dc7063c1b58b0bca7677da,1
2210,f27d788fc516c72bf737f079e4ee483b64f2affe4150887a8404351597963e11,1
2211,f2cc8d711dd07961375b582e87ec667b3c4a94949f83d8b9d8692b344e11b15f,1
2212,f2f0410f3b0ec8205f51953282f16be5c83f7f659c99f8588678d3c057f8b547,1
2213,f2f3b1e33a2f0916a682ed0b1bd4df928f73feb8d48cdeb226c66289e754c2f5,1
2214,f335cb12f49c51745910c0b079d2ab38dd16ce9f02edb833bfd5dcef8ff6f5f3,1
2215,f380385de3eb7df581e0cb024d101810f7534759dd16cbbd47a5a0c9780adad8,1
2216,f38f603117e4f6b30355caac1186abedc8d50a298dfe7b99fccf47f4f8cbbd4f,1
2217,f3a3ad449f3a1f9bba9aac8c9d2ccc84642ec91938f21cfb5c8b004ebf67b7bd,1
2218,f3a88af466385809f6f69b78f1bdc27f351c083b4bd5dcce275df97b4af5e1e4,1
2219,f3c85bdfd140a95f0b8316fd1643c9ba7307bdfa18c6887023e62c07b2e86519,1
2220,f3ca633c9817ffa0a5fd0f5daf4dbbd0ff343b8230ceafddef9e56d7762b3823,1
2221,f3ef14841a2c2b9231d6abe8a69af258943e84766f944551053589a35d5526bf,1
2222,f423029be2000f0089916fc9b73d10f765912c1c2cc318c5e911ebdefeb38dc5,1
2223,f445d68f235605ae6ec1f98579c9b7302b56387f9f5dc047203f1be816d3bfa7,1
2224,f453071e4755c7e25c37b2e999b1b0a19fcdfe6344a2fa9c78f81575b310b23e,1
2225,f47f280deb30ae20794507426b37a4860751771d0cd516fad400d0094b47c737,1
2226,f54dcdf08c1bb1cdf5df8ce547737d6e598b697d4815c2adbf3f3151a0491a07,1
2227,f57942f86acf322940985a872d038c0bdbc89495408b6715993a1e4e1ae57504,1
2228,f598ca16de3b1a3a54dc5b7cff4e30ada053e4d07cc935f2ebbc14a28842dfdb,1
2229,f6584a93901ca993fdf21fc1df02c5a91dde4d4fc1c78c0b9cfb46600a679c98,1
2230,f6bdd84866a5c4968eec556a74ebaed46ffecfcafd7247ebb90b390efea2bc94,1
2231,f6beff9978657e9b5f0460ec8873a7e2656f809e0a2300b4a68699525cc64898,1
2232,f6d0a66ae07775b4da950a728bdaaccf890231a3113b5643ea927e1187f964f5,1
2233,f6fb15b139f97b51bc9e94a866d7e9a3362a5315f682f2157d0a45bbcd512568,1
2234,f71d2a24d6e98d321973f2d40918c9d624cd9573ad89d9edf1a60b81977f68c4,1
2235,f73333c4d23e5c800915024cb84e85efc52b0d3054460785d9992fb2b1e1c5e2,1
2236,f80cd98c86b808898498edc044c3834f6517785af52df4cfaebf51d5ed35d7fb,1
2237,f8207be829ceb435aff1da4365e9dd88db136048786861e4061cb945d77d1dc7,1
2238,f8c152dc2f0f19f25c7bbfec1daaddaba7b6bf3111edf6d2843db9484ae1ac70,1
2239,f8c7d86fe9f1dbbdbc185e5a8c1041a46f761b4790a52dc575aa4423861af94a,1
2240,f8cfeea6b15d472e77e55c31a078d9710d32c1f6f04f0235ce9db22a914df88e,1
2241,f8d90217e123256daef5b8d0e6ae2167d602866e61897dacd63874df553e4479,1
2242,f9254a37d71726662e33a64d97493318ea176a4b8854b7f4793dc43ca6eb9011,1
2243,f942682ab8b5b0d5e755a368dd0e664e575a9299e111ecf245898e70cfaac80c,1
2244,f9631497d482b4d8e285a478fcabfac1292c5c69149c4a4bdd71401b26a2a726,1
2245,f987efe1b5b455985585c0caaef800d01c066b22ce803dea996e337bac6b78d6,1
2246,f998f3e1287f3b4b01a6c2c6b58bf42a26cc155dc0210e57c5fc72640cd7fb5b,1
2247,f9fd495dff16cab52ac5256be782b7c1a890de64a63dbb1258177e4ff72dcba0,1
2248,fa1cf1822fcdc6da088a621166740d06817fb67ae61b66152b343221e268f987,1
2249,fa3d2a574e264e7f85dc05b302a1df392f6730cedbc2dee4a97b71518a2738a6,1
2250,fa5679987e976b22441a807fef452a33d329d63995555528b483c51a8d6ffcce,1
2251,fa7705abd97e3905a220b599e5f3d199745335a4f412d964e4960c128c36b265,1
2252,fa9f6b784f051233c20dcf478cf002cf889c08244de31abd18dcc52a0e908efb,1
2253,faa30dd130df63d6c4974e64dfa92980a323b52c94a166bca3cfe62e794577da,1
2254,faaa99f65358df1ccfa1d0c032e8fcf2729b774725b0c7aaa3f2888a1f895378,1
2255,fb0b4a2e6648490d258b2d53cc38636982b8ada91e0784c1789292cb7253de83,1
2256,fb1f512a1d7b0cb7f613ba50a58152434b12c27368914850b54388a81233cb68,1
2257,fb63ad03111baf14c11a24a8b5bd24409263f7dbb52bb45aeb0947196e793ce0,1
2258,fb6545d5141c2f649817554c075d5b8964f5a26936d79891963fde0ba9e2ae90,1
2259,fb8d2a5105391e95d263da1a63aaf561cb81eb5b65865a69aee4293fdfb04df0,1
2260,fb9f919ae4629f5dfd9c2100ede8c096c91edb03e14bb50f23c77d3ec629284a,1
2261,fc35028d8fb561253f5609c93f80c2c5f414e5ad56c4234cd925ef78c4f4b62e,1
2262,fc3d3c7b21aaaea414a08bb72e21d83467de7d9e61b8653e91c7944b6b00a948,1
2263,fc9c75deae5c91ed807e574f6b228bae304730a0950814aa43e4f4db25346c45,1
2264,fca8abbedb9c55f5c68bacee6efe4b0d02f7beb5d49098c22c6032aba4f8a633,1
2265,fcf7bfed977609b8e40de33c2ca72c8a4c72268ca431a6c3956b6c11a11f8563,1
2266,fd0915989c69b4627d6293522e98768a359d81e65127d9697f99b1e2a4c4dd36,1
2267,fd38c99de9ee85f41c2bb5a3d2f7e8ff75f2d92b335dd35bcf78552e39ef9fcd,1
2268,fd432e81630d29a73b4c5457af04964ec893875e1388d528fc2bce766511c981,1
2269,fd4d16e267214b091d3409f50374863e3befe4e15e4fbe6e3e2e4c7608b5ee8e,1
2270,fdae9b0085c90f882418bd6fa042ba809bf8fa9afd4c35242d1f17e369e785b9,1
2271,fdb68c9953e276ab2ad70ff19630d42491bea5b2abe4c86fab40876a389f9e76,1
2272,fdbed77afe55881b12e6d9301b8c977b3f1a1809e3c1c5cb9956aad7fb122b67,1
2273,fdc9f0ff5a45d32a4b7045a4e5aa30c12f1cf8439a92727f140ea9bce017ec63,1
2274,fddf38f8f59d10a6d07c1ea8f79ae2b485ea09ec618277ecc4dd42d43b4753bd,1
2275,fdf1fd346836acf6ebab34aa5f67bf4a5d9bcc9f7bd7b02b521b1ce24ab0b25c,1
2276,fe06bead84db144b70c03c341ff62093c6575e316be93721001eaeea24be4614,1
2277,fe496188710bd547cf9347ef765cdefc42e52d50e4c1352b2ca620458bc20c83,1
2278,fe53c9ac30233dd703a9ed53a818c2ab89c6848d348d6567ff1a74e23bf78839,1
2279,fe8f4c0810d01d95eee8bfd43087acfb3bdf4b991680c6db3569090232459050,1
2280,feba8806aef945758e94a2a61cc84233f41f2f2f46fae5e1342417cd4f44c736,1
2281,feceef736cf687ce0f6c403fff11d6726ee312f892c46d97215d68d6bc3102fa,1
2282,ff0bcbe37b77f5fae1caa50c79fe0cf3d3cebd98e4aa653dee49ec824adff26e,1
2283,ff3d2f8716c9241d7a540b68ac5ced4c5c8e23b383485be61bd5bb686b4b02ba,1
2284,ffd0289e1ae2420fd5b1045ce166df1f115ce3c1754d8845e22002961ed7cc37,1
2285,ffd8c6a3bdf2cf1970eedd99ba0458cc8539377fd8c5592e882775ae579ea3ff,1
2286,fff21fdaac210e1b786b381c6fb948a0a8349a7297b8896285f5bd32278222c5,1
2287,fffb8a50e93eecb315332a30f8fcfcc119aa4af50ab5f30ff917fec8bd453e79,1
